-- Adminer 4.6.2 MySQL dump

SET NAMES utf8;
SET time_zone = '+00:00';
SET foreign_key_checks = 0;
SET sql_mode = 'NO_AUTO_VALUE_ON_ZERO';

DROP TABLE IF EXISTS `area_info`;
CREATE TABLE `area_info` (
  `area_id` int(11) NOT NULL AUTO_INCREMENT,
  `area_nm` varchar(40) COLLATE utf8_unicode_ci DEFAULT NULL,
  `test_value` varchar(40) COLLATE utf8_unicode_ci DEFAULT NULL,
  `pare_id` int(11) DEFAULT NULL,
  `area_type` tinyint(4) DEFAULT NULL,
  `area_nm_ban` varchar(160) COLLATE utf8_unicode_ci DEFAULT NULL,
  `nid_area_code` int(11) DEFAULT NULL,
  `sb_dist_code` int(11) DEFAULT NULL,
  `soundex_nm` varchar(50) CHARACTER SET utf8 DEFAULT NULL,
  `latitude` double DEFAULT '0',
  `longitude` double DEFAULT '0',
  PRIMARY KEY (`area_id`),
  KEY `area_type` (`area_type`)
) ENGINE=InnoDB AUTO_INCREMENT=653 DEFAULT CHARSET=utf8 COLLATE=utf8_unicode_ci;

INSERT INTO `area_info` (`area_id`, `area_nm`, `test_value`, `pare_id`, `area_type`, `area_nm_ban`, `nid_area_code`, `sb_dist_code`, `soundex_nm`, `latitude`, `longitude`) VALUES
(1,	'BAGERHAT',	NULL,	5,	2,	'বাগেরহাট',	1,	33,	'B263',	22.6602436,	89.7895478),
(2,	'Dhaka',	NULL,	0,	1,	'ঢাকা',	NULL,	NULL,	'D200',	23.810332,	90.4125181),
(3,	'BANDARBAN',	NULL,	14,	2,	'বান্দরবান',	3,	23,	'B53615',	21.8311002,	92.3686321),
(4,	'BARGUNA',	NULL,	11,	2,	'বরগুনা',	4,	64,	'B625',	22.0952915,	90.1120696),
(5,	'Khulna Metro',	NULL,	0,	1,	'খুলনা মেট্রো',	NULL,	NULL,	'K4536',	22.8474625,	89.5405322),
(6,	'BARISAL',	NULL,	11,	2,	'বরিশাল',	6,	59,	'B624',	22.7029212,	90.3465971),
(7,	'Rajshahi',	NULL,	0,	1,	'রাজশাহী',	NULL,	NULL,	'R200',	24.3635886,	88.6241351),
(8,	'Sylhet',	NULL,	0,	1,	'সিলেট',	NULL,	NULL,	'S430',	24.904539,	91.8611011),
(9,	'BHOLA',	NULL,	11,	2,	'ভোলা',	9,	80,	'B400',	22.1785315,	90.7101023),
(10,	'BOGRA',	NULL,	7,	2,	'বগুড়া',	10,	57,	'B260',	24.8435589,	89.3701078),
(11,	'Barisal',	NULL,	0,	1,	'বরিশাল',	NULL,	NULL,	'B624',	22.7029212,	90.3465971),
(12,	'BRAHMANBARIA',	NULL,	14,	2,	'ব্রাহ্মণবাড়িয়া',	12,	27,	'B6516',	23.9608181,	91.1115014),
(13,	'CHANDPUR',	NULL,	14,	2,	'চাঁদপুর',	13,	26,	'C5316',	23.2513148,	90.8517846),
(14,	'Chittagong',	NULL,	0,	1,	'চট্রগ্রাম',	NULL,	NULL,	'C3252',	22.3475365,	91.8123324),
(15,	'CHITTAGONG',	NULL,	14,	2,	'চট্টগ্রাম',	15,	20,	'C3252',	22.3475365,	91.8123324),
(16,	'Rangpur',	NULL,	0,	1,	'রংপুর',	NULL,	NULL,	'R5216',	25.7438916,	89.275227),
(18,	'CHUADANGA',	NULL,	5,	2,	'চুয়াডাঙ্গা',	18,	40,	'C352',	23.6160512,	88.8263006),
(19,	'COMILLA',	NULL,	14,	2,	'কুমিল্লা',	19,	25,	'C540',	23.46188,	91.186911),
(22,	'COX\'S BAZAR',	NULL,	14,	2,	'কক্সবাজার',	22,	21,	'C126',	21.4394636,	92.0077316),
(26,	'DHAKA',	NULL,	2,	2,	'ঢাকা',	26,	2,	'D200',	23.810332,	90.4125181),
(27,	'DINAJPUR',	NULL,	16,	2,	'দিনাজপুর',	27,	52,	'D5216',	25.6279123,	88.6331758),
(29,	'FARIDPUR',	NULL,	2,	2,	'ফরিদপুর',	29,	15,	'F6316',	23.5423919,	89.6308921),
(30,	'FENI',	NULL,	14,	2,	'ফেনী',	30,	30,	'F500',	23.0159132,	91.3975831),
(32,	'GAIBANDHA',	NULL,	16,	2,	'গাইবান্ধা',	32,	48,	'G153',	25.3296928,	89.5429652),
(33,	'GAZIPUR',	NULL,	2,	2,	'গাজীপুর',	33,	4,	'G160',	24.0958171,	90.4125181),
(35,	'GOPALGANJ',	NULL,	2,	2,	'গোপালগঞ্জ',	35,	16,	'G14252',	26.4685472,	84.4433318),
(36,	'HABIGANJ',	NULL,	8,	2,	'হবিগঞ্জ',	36,	66,	'H1252',	24.4771236,	91.4506565),
(38,	'JOYPURHAT',	NULL,	7,	2,	'জয়পুরহাট',	38,	58,	'J163',	25.0947349,	89.0944937),
(39,	'JAMALPUR',	NULL,	2,	2,	'জামালপুর',	39,	14,	'J5416',	25.312717,	86.4906091),
(41,	'JESSORE',	NULL,	5,	2,	'যশোর',	41,	35,	'J600',	23.1634014,	89.2181664),
(42,	'JHALOKATI',	NULL,	11,	2,	'ঝালকাঠী',	42,	60,	'J423',	22.57208,	90.1869644),
(44,	'JHENAIDAH',	NULL,	5,	2,	'ঝিনাইদহ',	44,	37,	'J530',	23.5449873,	89.1726031),
(46,	'KHAGRACHHARI',	NULL,	14,	2,	'খাগড়াছড়ি',	46,	24,	'K626',	23.1321751,	91.949021),
(47,	'KHULNA',	NULL,	5,	2,	'খুলনা',	47,	32,	'K450',	22.845641,	89.5403279),
(48,	'KISHOREGONJ',	NULL,	2,	2,	'কিশোরগঞ্জ',	48,	11,	'K6252',	24.4260457,	90.9820668),
(49,	'KURIGRAM',	NULL,	16,	2,	'কুড়িগ্রাম',	49,	50,	'K6265',	25.8072414,	89.6294746),
(50,	'KUSHTIA',	NULL,	5,	2,	'কুষ্টিয়া',	50,	39,	'K300',	23.8906995,	89.1099368),
(51,	'LAKSHMIPUR',	NULL,	14,	2,	'লক্ষ্মীপুর',	51,	29,	'L2516',	22.9446744,	90.8281907),
(52,	'LALMONIRHAT',	NULL,	16,	2,	'লালমনিরহাট',	52,	51,	'L563',	25.9923398,	89.2847251),
(54,	'MADARIPUR',	NULL,	2,	2,	'মাদারীপুর',	54,	17,	'M3616',	23.2393346,	90.1869644),
(55,	'MAGURA',	NULL,	5,	2,	'মাগুরা',	55,	36,	'M260',	23.4854655,	89.4198305),
(56,	'MANIKGANJ',	NULL,	2,	2,	'মানিকগঞ্জ',	56,	5,	'M252',	23.8616512,	90.0003228),
(57,	'MEHERPUR',	NULL,	5,	2,	'মেহেরপুর',	57,	41,	'M616',	23.8051991,	88.6723578),
(58,	'MAULVIBAZAR',	NULL,	8,	2,	'মৌলভীবাজার',	58,	68,	'M4126',	24.3095344,	91.7314903),
(59,	'MUNSHIGANJ',	NULL,	2,	2,	'মুন্সীগঞ্জ',	59,	6,	'M252',	23.4980931,	90.4126621),
(61,	'MYMENSINGH',	NULL,	2,	2,	'ময়মনসিংহ',	61,	8,	'M252',	24.7434484,	90.3983829),
(64,	'NAOGAON',	NULL,	7,	2,	'নওগাঁ',	64,	45,	'N250',	24.9131597,	88.7530952),
(65,	'NARAIL',	NULL,	5,	2,	'নড়াইল',	65,	38,	'N640',	23.1656982,	89.4990219),
(67,	'NARAYANGANJ',	NULL,	2,	2,	'নারায়ণগঞ্জ',	67,	3,	'N65252',	23.6226398,	90.4997973),
(68,	'NARSINGDI',	NULL,	2,	2,	'নরসিংদী',	68,	7,	'N62523',	24.134378,	90.7860057),
(69,	'NATORE',	NULL,	7,	2,	'নাটোর',	69,	46,	'N360',	24.410243,	89.0076177),
(70,	'CHAPAINABABGANJ',	NULL,	7,	2,	'চাঁপাইনবাবগঞ্জ',	70,	44,	'C151252',	24.7413111,	88.2912069),
(72,	'NETRAKONA',	NULL,	2,	2,	'নেত্রকোনা',	72,	12,	'N3625',	24.8103284,	90.8656415),
(73,	'NILPHAMARI ZILA',	NULL,	16,	2,	'নীলফামারী',	73,	49,	'N415624',	25.8482798,	88.9414134),
(75,	'NOAKHALI',	NULL,	14,	2,	'নোয়াখালী',	75,	28,	'N240',	22.8723789,	91.0973184),
(76,	'PABNA',	NULL,	7,	2,	'পাবনা',	76,	55,	'P500',	24.0113256,	89.2562239),
(77,	'PANCHAGARH',	NULL,	16,	2,	'পঞ্চগড়',	77,	54,	'P526',	26.2708705,	88.5951751),
(78,	'PATUAKHALI',	NULL,	11,	2,	'পটুয়াখালী',	78,	62,	'P324',	22.2248632,	90.4547503),
(79,	'PIROJPUR',	NULL,	11,	2,	'পিরোজপুর',	79,	63,	'P6216',	22.5790744,	89.9759264),
(81,	'RAJSHAHI',	NULL,	7,	2,	'রাজশাহী',	81,	43,	'R200',	24.3635886,	88.6241351),
(82,	'RAJBARI',	NULL,	2,	2,	'রাজবাড়ী',	82,	18,	'R216',	23.715134,	89.5874819),
(84,	'RANGAMATI',	NULL,	14,	2,	'রাঙ্গামাটি',	84,	22,	'R5253',	22.7324173,	92.2985134),
(85,	'RANGPUR',	NULL,	16,	2,	'রংপুর',	85,	47,	'R5216',	25.7438916,	89.275227),
(86,	'SHARIATPUR',	NULL,	2,	2,	'শরিয়তপুর',	86,	9,	'S6316',	23.2423214,	90.4347711),
(87,	'SATKHIRA',	NULL,	5,	2,	'সাতক্ষীরা',	87,	34,	'S326',	22.3154812,	89.1114525),
(88,	'SIRAJGANJ',	NULL,	7,	2,	'সিরাজগঞ্জ',	88,	56,	'S6252',	24.3141115,	89.5699615),
(89,	'SHERPUR',	NULL,	2,	2,	'শেরপুর',	89,	13,	'S616',	25.0746235,	90.1494904),
(90,	'SUNAMGANJ',	NULL,	8,	2,	'সুনামগঞ্জ',	90,	67,	'S5252',	25.0714535,	91.3991627),
(91,	'SYLHET',	NULL,	8,	2,	'সিলেট',	91,	65,	'S430',	24.904539,	91.8611011),
(93,	'TANGAIL',	NULL,	2,	2,	'টাঙ্গাইল',	93,	10,	'T524',	24.244968,	89.9113052),
(94,	'THAKURGAON',	NULL,	16,	2,	'ঠাকুরগাঁও',	94,	53,	'T2625',	26.0418392,	88.4282616),
(95,	'BAGERHAT SADAR',	NULL,	1,	3,	'বাগেরহাট সদর',	8,	NULL,	'B263236',	22.6554516,	89.7661527),
(96,	'CHITALMARI',	NULL,	1,	3,	'চিতলমারী',	14,	NULL,	'C3456',	0,	0),
(97,	'FAKIRHAT',	NULL,	1,	3,	'ফকিরহাট',	34,	NULL,	'F263',	0,	0),
(98,	'KACHUA',	NULL,	1,	3,	'কচুয়া',	38,	NULL,	'K000',	0,	0),
(99,	'MOLLAHAT',	NULL,	1,	3,	'মোল্লাহাট',	56,	NULL,	'M430',	0,	0),
(100,	'MONGLA',	NULL,	1,	3,	'মোংলা',	58,	NULL,	'M240',	0,	0),
(101,	'MORRELGANJ',	NULL,	1,	3,	'মোড়লগঞ্জ',	60,	NULL,	'M64252',	0,	0),
(102,	'RAMPAL',	NULL,	1,	3,	'রামপাল',	73,	NULL,	'R514',	0,	0),
(103,	'SARANKHOLA',	NULL,	1,	3,	'শরণখোলা',	77,	NULL,	'S6524',	0,	0),
(104,	'ALIKADAM',	NULL,	3,	3,	'আলীকদম',	4,	NULL,	'A4235',	0,	0),
(105,	'BANDARBAN SADAR',	NULL,	3,	3,	'বান্দরবান সদর',	14,	NULL,	'B53615236',	0,	0),
(106,	'LAMA',	NULL,	3,	3,	'লামা',	51,	NULL,	'L500',	0,	0),
(107,	'NAIKHONGCHHARI',	NULL,	3,	3,	'নাইক্ষ্যংছড়ি',	73,	NULL,	'N2526',	0,	0),
(108,	'ROWANGCHHARI',	NULL,	3,	3,	'রোয়াংছড়ি',	89,	NULL,	'R526',	0,	0),
(109,	'RUMA',	NULL,	3,	3,	'রুমা',	91,	NULL,	'R500',	0,	0),
(110,	'THANCHI',	NULL,	3,	3,	'থান্‌চি',	95,	NULL,	'T520',	0,	0),
(111,	'AMTALI',	NULL,	4,	3,	'আমতলী',	9,	NULL,	'A534',	0,	0),
(112,	'BAMNA',	NULL,	4,	3,	'বামনা',	19,	NULL,	'B500',	0,	0),
(113,	'BARGUNA SADAR',	NULL,	4,	3,	'বরগুনা সদর',	28,	NULL,	'B625236',	0,	0),
(114,	'BETAGI',	NULL,	4,	3,	'বেতাগী',	47,	NULL,	'B320',	0,	0),
(115,	'PATHARGHATA',	NULL,	4,	3,	'পাথরঘাটা',	85,	NULL,	'P3623',	0,	0),
(116,	'TALTOLI',	NULL,	4,	3,	'তালতলী',	92,	NULL,	'T434',	0,	0),
(117,	'AGAILJHARA',	NULL,	6,	3,	'আগৈলঝাড়া',	2,	NULL,	'A2426',	0,	0),
(118,	'BABUGANJ',	NULL,	6,	3,	'বাবুগঞ্জ',	3,	NULL,	'B252',	0,	0),
(119,	'BAKERGANJ',	NULL,	6,	3,	'বাকেরগঞ্জ',	7,	NULL,	'B26252',	0,	0),
(120,	'BANARI PARA',	NULL,	6,	3,	'বানারী পাড়া',	10,	NULL,	'B5616',	0,	0),
(121,	'GAURNADI',	NULL,	6,	3,	'গৌরনদী',	32,	NULL,	'G653',	0,	0),
(122,	'HIZLA',	NULL,	6,	3,	'হিজলা',	36,	NULL,	'H240',	0,	0),
(123,	'BARISAL SADAR',	NULL,	6,	3,	'বরিশাল সদর',	51,	NULL,	'B624236',	0,	0),
(124,	'MHENDIGANJ',	NULL,	6,	3,	'মেহেন্দীগঞ্জ',	62,	NULL,	'M3252',	0,	0),
(125,	'MULADI',	NULL,	6,	3,	'মুলাদী',	69,	NULL,	'M430',	0,	0),
(126,	'WAZIRPUR',	NULL,	6,	3,	'উজিরপুর',	94,	NULL,	'W2616',	0,	0),
(127,	'BHOLA SADAR',	NULL,	9,	3,	'ভোলা সদর',	18,	NULL,	'B4236',	0,	0),
(128,	'BURHANUDDIN',	NULL,	9,	3,	'বোরহানউদ্দীন',	21,	NULL,	'B6535',	0,	0),
(129,	'CHAR FASSON',	NULL,	9,	3,	'চর ফ্যাশন',	25,	NULL,	'C6125',	0,	0),
(130,	'DAULAT KHAN',	NULL,	9,	3,	'দৌলত খান',	29,	NULL,	'D4325',	0,	0),
(131,	'LALMOHAN',	NULL,	9,	3,	'লালমোহন',	54,	NULL,	'L500',	0,	0),
(132,	'MANPURA',	NULL,	9,	3,	'মনপুরা',	65,	NULL,	'M160',	0,	0),
(133,	'TAZUMUDDIN',	NULL,	9,	3,	'তজুমুদ্দিন',	91,	NULL,	'T2535',	0,	0),
(134,	'ADAMDIGHI',	NULL,	10,	3,	'আদমদিঘী',	6,	NULL,	'A3532',	0,	0),
(135,	'BOGRA SADAR',	NULL,	10,	3,	'বগুড়া সদর',	20,	NULL,	'B26236',	0,	0),
(136,	'DHUNAT',	NULL,	10,	3,	'ধুনট',	27,	NULL,	'D530',	0,	0),
(137,	'DHUPCHANCHIA',	NULL,	10,	3,	'ধুপচাঁচিয়া',	33,	NULL,	'D1252',	0,	0),
(138,	'GABTALI',	NULL,	10,	3,	'গাবতলী',	40,	NULL,	'G134',	0,	0),
(139,	'KAHALOO',	NULL,	10,	3,	'কাহালু',	54,	NULL,	'K400',	0,	0),
(140,	'NANDIGRAM',	NULL,	10,	3,	'নন্দীগ্রাম',	67,	NULL,	'N3265',	0,	0),
(141,	'SARIAKANDI',	NULL,	10,	3,	'সারিয়াকান্দি',	81,	NULL,	'S6253',	0,	0),
(142,	'SHAJAHANPUR',	NULL,	10,	3,	'শাজাহানপুর',	85,	NULL,	'S516',	0,	0),
(143,	'SHERPUR',	NULL,	10,	3,	'শেরপুর',	88,	NULL,	'S616',	0,	0),
(144,	'SHIBGANJ',	NULL,	10,	3,	'শিব্‌গঞ্জ',	94,	NULL,	'S1252',	0,	0),
(145,	'SONATOLA',	NULL,	10,	3,	'সোনাতলা',	95,	NULL,	'S534',	0,	0),
(146,	'AKHAURA',	NULL,	12,	3,	'আখাউড়া',	2,	NULL,	'A260',	0,	0),
(147,	'BANCHHARAMPUR',	NULL,	12,	3,	'বাঞ্ছারামপুর',	4,	NULL,	'B526516',	0,	0),
(148,	'BIJOYNAGAR',	NULL,	12,	3,	'বিজয়নগর',	7,	NULL,	'B2526',	0,	0),
(149,	'BRAHMANBARIA SADAR',	NULL,	12,	3,	'ব্রাক্ষ্মণবাড়িয়া সদর',	13,	NULL,	'B6516236',	0,	0),
(150,	'ASHUGANJ',	NULL,	12,	3,	'আশুগঞ্জ',	33,	NULL,	'A252',	0,	0),
(151,	'KASBA',	NULL,	12,	3,	'কস্‌বা',	63,	NULL,	'K100',	0,	0),
(152,	'NABINAGAR',	NULL,	12,	3,	'নবীনগর',	85,	NULL,	'N1526',	0,	0),
(153,	'NASIRNAGAR',	NULL,	12,	3,	'নাসিরনগর',	90,	NULL,	'N26526',	0,	0),
(154,	'SARAIL',	NULL,	12,	3,	'সরাইল',	94,	NULL,	'S640',	0,	0),
(155,	'CHANDPUR SADAR',	NULL,	13,	3,	'চাঁদপুর সদর',	22,	NULL,	'C5316236',	0,	0),
(156,	'FARIDGANJ',	NULL,	13,	3,	'ফরিদগঞ্জ',	45,	NULL,	'F63252',	0,	0),
(157,	'HAIM CHAR',	NULL,	13,	3,	'হাইমচর',	47,	NULL,	'H526',	0,	0),
(158,	'HAJIGANJ',	NULL,	13,	3,	'হাজীগঞ্জ',	49,	NULL,	'H252',	0,	0),
(159,	'KACHUA',	NULL,	13,	3,	'কচুয়া',	58,	NULL,	'K000',	0,	0),
(160,	'MATLAB DAKSHIN',	NULL,	13,	3,	'মতলব দক্ষিণ',	76,	NULL,	'M341325',	0,	0),
(161,	'MATLAB UTTAR',	NULL,	13,	3,	'মতলব উত্তর',	79,	NULL,	'M34136',	0,	0),
(162,	'SHAHRASTI',	NULL,	13,	3,	'শাহরাস্তি',	95,	NULL,	'S623',	0,	0),
(163,	'ANOWARA',	NULL,	15,	3,	'আনোয়ারা',	4,	NULL,	'A560',	0,	0),
(164,	'BAYEJID BOSTAMI',	NULL,	15,	3,	'বায়জিদ বোস্তামী',	6,	NULL,	'B231235',	0,	0),
(165,	'BANSHKHALI',	NULL,	15,	3,	'বাঁশখালী',	8,	NULL,	'B524',	0,	0),
(166,	'BAKALIA',	NULL,	15,	3,	'বাকলীয়া',	10,	NULL,	'B240',	0,	0),
(167,	'BOALKHALI',	NULL,	15,	3,	'বোয়ালখালী',	12,	NULL,	'B424',	0,	0),
(168,	'CHANDANAISH',	NULL,	15,	3,	'চন্দনাইশ',	18,	NULL,	'C5352',	0,	0),
(169,	'CHANDGAON',	NULL,	15,	3,	'চাঁদগাও',	19,	NULL,	'C5325',	0,	0),
(170,	'CHITTAGONG PORT',	NULL,	15,	3,	'চট্টগ্রাম পোর্ট',	20,	NULL,	'C3252163',	0,	0),
(171,	'DOUBLE MOORING',	NULL,	15,	3,	'ডবলমুরিং',	28,	NULL,	'D145652',	0,	0),
(172,	'FATIKCHHARI',	NULL,	15,	3,	'ফটিকছড়ি',	33,	NULL,	'F326',	0,	0),
(173,	'HALISHAHAR',	NULL,	15,	3,	'হালিশহর',	35,	NULL,	'H426',	0,	0),
(174,	'HATHAZARI',	NULL,	15,	3,	'হাটহাজারী',	37,	NULL,	'H326',	0,	0),
(175,	'KARNAFULI (POLICE STATION)',	NULL,	15,	3,	'কর্ণফুলী (পুলিশ ষ্টেশন)',	39,	NULL,	'K651414235',	0,	0),
(176,	'KOTWALI',	NULL,	15,	3,	'কোতয়ালী',	41,	NULL,	'K340',	0,	0),
(177,	'KHULSHI',	NULL,	15,	3,	'খুল্‌শী',	43,	NULL,	'K420',	0,	0),
(178,	'LOHAGARA',	NULL,	15,	3,	'লোহাগড়া',	47,	NULL,	'L260',	0,	0),
(179,	'MIRSHARAI',	NULL,	15,	3,	'মিরশরাই',	53,	NULL,	'M626',	0,	0),
(180,	'PAHARTALI',	NULL,	15,	3,	'পাহাড়তলী',	55,	NULL,	'P634',	0,	0),
(181,	'PANCHLAISH',	NULL,	15,	3,	'পাঁচলাইশ',	57,	NULL,	'P5242',	0,	0),
(182,	'PATIYA',	NULL,	15,	3,	'পটিয়া',	61,	NULL,	'P300',	0,	0),
(183,	'PATENGA',	NULL,	15,	3,	'পতেঙ্গা',	65,	NULL,	'P352',	0,	0),
(184,	'RANGUNIA',	NULL,	15,	3,	'রাংগুনীয়া',	70,	NULL,	'R525',	0,	0),
(185,	'RAOZAN',	NULL,	15,	3,	'রাউজান',	74,	NULL,	'R250',	0,	0),
(186,	'SANDWIP',	NULL,	15,	3,	'সন্দ্বীপ',	78,	NULL,	'S531',	0,	0),
(187,	'SATKANIA',	NULL,	15,	3,	'সাতকানিয়া',	82,	NULL,	'S325',	0,	0),
(188,	'SITAKUNDA',	NULL,	15,	3,	'সীতাকুন্ড',	86,	NULL,	'S3253',	0,	0),
(189,	'ALAMDANGA',	NULL,	18,	3,	'আলমডাংগা',	7,	NULL,	'A45352',	0,	0),
(190,	'CHUADANGA SADAR',	NULL,	18,	3,	'চুয়াডাঙ্গা সদর',	23,	NULL,	'C35236',	0,	0),
(191,	'DAMURHUDA',	NULL,	18,	3,	'দামুরহুদা',	31,	NULL,	'D563',	0,	0),
(192,	'JIBAN NAGAR',	NULL,	18,	3,	'জীবন নগর',	55,	NULL,	'J1526',	0,	0),
(193,	'BARURA',	NULL,	19,	3,	'বরুড়া',	9,	NULL,	'B600',	0,	0),
(194,	'BRAHMAN PARA',	NULL,	19,	3,	'ব্রাক্ষ্মণ পাড়া',	15,	NULL,	'B6516',	0,	0),
(195,	'BURICHANG',	NULL,	19,	3,	'বুড়িচং',	18,	NULL,	'B6252',	0,	0),
(196,	'CHANDINA',	NULL,	19,	3,	'চন্দিনা',	27,	NULL,	'C535',	0,	0),
(197,	'CHAUDDAGRAM',	NULL,	19,	3,	'চৌদ্দগ্রাম',	31,	NULL,	'C3265',	0,	0),
(198,	'COMILLA SADAR DAKSHIN',	NULL,	19,	3,	'কুমিল্লা সদর দক্ষিণ',	33,	NULL,	'C54236325',	0,	0),
(199,	'DAUDKANDI',	NULL,	19,	3,	'দাউদকান্দি',	36,	NULL,	'D253',	0,	0),
(200,	'DEBIDWAR',	NULL,	19,	3,	'দেবিদ্বার',	40,	NULL,	'D136',	0,	0),
(201,	'HOMNA',	NULL,	19,	3,	'হোমনা',	54,	NULL,	'H500',	0,	0),
(202,	'COMILLA ADARSHA SADAR',	NULL,	19,	3,	'কুমিল্লা আদর্শ সদর',	67,	NULL,	'C5436236',	0,	0),
(203,	'LAKSAM',	NULL,	19,	3,	'লাকসাম',	72,	NULL,	'L250',	0,	0),
(204,	'MANOHARGANJ',	NULL,	19,	3,	'মনোহরগঞ্জ',	74,	NULL,	'M6252',	0,	0),
(205,	'MEGHNA',	NULL,	19,	3,	'মেঘনা',	75,	NULL,	'M250',	0,	0),
(206,	'MURADNAGAR',	NULL,	19,	3,	'মুরাদনগর',	81,	NULL,	'M63526',	0,	0),
(207,	'NANGALKOT',	NULL,	19,	3,	'নাঙ্গলকোট',	87,	NULL,	'N2423',	0,	0),
(208,	'TITAS',	NULL,	19,	3,	'তিতাস',	94,	NULL,	'T200',	0,	0),
(209,	'CHAKARIA',	NULL,	22,	3,	'চকরিয়া',	16,	NULL,	'C600',	0,	0),
(210,	'COX\'S BAZAR SADAR',	NULL,	22,	3,	'কক্সবাজার সদর',	24,	NULL,	'C126236',	0,	0),
(211,	'KUTUBDIA',	NULL,	22,	3,	'কুতুবদিয়া',	45,	NULL,	'K313',	0,	0),
(212,	'MAHESHKHALI',	NULL,	22,	3,	'মহেশখালী',	49,	NULL,	'M240',	0,	0),
(213,	'PEKUA',	NULL,	22,	3,	'পেকুয়া',	56,	NULL,	'P200',	0,	0),
(214,	'RAMU',	NULL,	22,	3,	'রামু',	66,	NULL,	'R500',	0,	0),
(215,	'TEKNAF',	NULL,	22,	3,	'টেক্‌নাফ',	90,	NULL,	'T251',	0,	0),
(216,	'UKHIA',	NULL,	22,	3,	'উখিয়া',	94,	NULL,	'U200',	0,	0),
(217,	'ADABOR',	NULL,	26,	3,	'আদাবর',	2,	NULL,	'A316',	0,	0),
(218,	'BADDA',	NULL,	26,	3,	'বাড্ডা',	4,	NULL,	'B300',	0,	0),
(219,	'BIMAN BANDAR',	NULL,	26,	3,	'বিমান বন্দর',	6,	NULL,	'B51536',	0,	0),
(220,	'CANTONMENT',	NULL,	26,	3,	'ক্যান্টনমেন্ট',	8,	NULL,	'C5353',	0,	0),
(221,	'DAKSHINKHAN',	NULL,	26,	3,	'দক্ষিণখান',	10,	NULL,	'D2525',	0,	0),
(222,	'DEMRA',	NULL,	26,	3,	'ডেমরা',	12,	NULL,	'D560',	0,	0),
(223,	'DHAMRAI',	NULL,	26,	3,	'ধামরাই',	14,	NULL,	'D560',	0,	0),
(224,	'DHANMONDI',	NULL,	26,	3,	'ধানমন্ডি',	16,	NULL,	'D530',	0,	0),
(225,	'DOHAR',	NULL,	26,	3,	'দোহার',	18,	NULL,	'D600',	0,	0),
(226,	'GANDARIA',	NULL,	26,	3,	'গেন্ডারিয়া',	24,	NULL,	'G536',	0,	0),
(227,	'GULSHAN',	NULL,	26,	3,	'গুলশান',	26,	NULL,	'G425',	0,	0),
(228,	'HAZARIBAGH',	NULL,	26,	3,	'হাজারীবাগ',	28,	NULL,	'H2612',	0,	0),
(229,	'JATRABARI',	NULL,	26,	3,	'যাত্রাবাড়ী',	29,	NULL,	'J3616',	0,	0),
(230,	'KAFRUL',	NULL,	26,	3,	'কাফরুল',	30,	NULL,	'K164',	0,	0),
(231,	'KADAMTALI',	NULL,	26,	3,	'কদমতলী',	32,	NULL,	'K3534',	0,	0),
(232,	'KAMRANGIR CHAR',	NULL,	26,	3,	'কামরাঙ্গীর চর',	34,	NULL,	'K5652626',	0,	0),
(233,	'KHILGAON',	NULL,	26,	3,	'খিলগাও',	36,	NULL,	'K425',	0,	0),
(234,	'KHILKHET',	NULL,	26,	3,	'খিলক্ষেত',	37,	NULL,	'K423',	0,	0),
(235,	'KERANIGANJ',	NULL,	26,	3,	'কেরানীগঞ্জ',	38,	NULL,	'K65252',	0,	0),
(236,	'KOTWALI',	NULL,	26,	3,	'কোতয়ালী',	40,	NULL,	'K340',	0,	0),
(237,	'LALBAGH',	NULL,	26,	3,	'লালবাগ',	42,	NULL,	'L120',	0,	0),
(238,	'MIRPUR',	NULL,	26,	3,	'মিরপুর',	48,	NULL,	'M616',	0,	0),
(239,	'MOHAMMADPUR',	NULL,	26,	3,	'মোহাম্মদপুর',	50,	NULL,	'M316',	0,	0),
(240,	'MOTIJHEEL',	NULL,	26,	3,	'মতিঝিল',	54,	NULL,	'M324',	0,	0),
(241,	'NAWABGANJ',	NULL,	26,	3,	'নবাবগঞ্জ',	62,	NULL,	'N1252',	0,	0),
(242,	'NEW MARKET',	NULL,	26,	3,	'নিউ মার্কেট',	63,	NULL,	'N623',	0,	0),
(243,	'PALLABI',	NULL,	26,	3,	'পল্লবী',	64,	NULL,	'P410',	0,	0),
(244,	'PALTAN',	NULL,	26,	3,	'পল্টন',	65,	NULL,	'P435',	0,	0),
(245,	'RAMNA',	NULL,	26,	3,	'রমনা',	66,	NULL,	'R500',	0,	0),
(246,	'SABUJBAGH',	NULL,	26,	3,	'সবুজবাগ',	68,	NULL,	'S1212',	0,	0),
(247,	'SAVAR',	NULL,	26,	3,	'সাভার',	72,	NULL,	'S160',	0,	0),
(248,	'SHAH ALI',	NULL,	26,	3,	'শাহ্‌ আলী',	74,	NULL,	'S400',	0,	0),
(249,	'SHAHBAGH',	NULL,	26,	3,	'শাহবাগ',	75,	NULL,	'S120',	0,	0),
(250,	'SHYAMPUR',	NULL,	26,	3,	'শ্যামপুর',	76,	NULL,	'S516',	0,	0),
(251,	'SUTRAPUR',	NULL,	26,	3,	'সুত্রাপুর',	88,	NULL,	'S3616',	0,	0),
(252,	'TEJGAON',	NULL,	26,	3,	'তেজগাঁও',	90,	NULL,	'T250',	0,	0),
(253,	'TEJGAON IND. AREA',	NULL,	26,	3,	'তেজগাঁও শিল্প এলাকা',	92,	NULL,	'T2536',	0,	0),
(254,	'TURAG',	NULL,	26,	3,	'তুরাগ',	93,	NULL,	'T620',	0,	0),
(255,	'UTTARA',	NULL,	26,	3,	'উত্তরা',	95,	NULL,	'U360',	0,	0),
(256,	'UTTAR KHAN',	NULL,	26,	3,	'উত্তর খান',	96,	NULL,	'U3625',	0,	0),
(257,	'BIRAMPUR',	NULL,	27,	3,	'বিরামপুর',	10,	NULL,	'B6516',	0,	0),
(258,	'BIRGANJ',	NULL,	27,	3,	'বীরগঞ্জ',	12,	NULL,	'B6252',	0,	0),
(259,	'BIRAL',	NULL,	27,	3,	'বিরল',	17,	NULL,	'B640',	0,	0),
(260,	'BOCHAGANJ',	NULL,	27,	3,	'বোচাগঞ্জ',	21,	NULL,	'B252',	0,	0),
(261,	'CHIRIRBANDAR',	NULL,	27,	3,	'চিরিরবন্দর',	30,	NULL,	'C61536',	0,	0),
(262,	'FULBARI',	NULL,	27,	3,	'ফুলবাড়ী',	38,	NULL,	'F416',	0,	0),
(263,	'GHORAGHAT',	NULL,	27,	3,	'ঘোড়াঘাট',	43,	NULL,	'G623',	0,	0),
(264,	'HAKIMPUR',	NULL,	27,	3,	'হাকিমপুর',	47,	NULL,	'H2516',	0,	0),
(265,	'KAHAROLE',	NULL,	27,	3,	'কাহারোল',	56,	NULL,	'K640',	0,	0),
(266,	'KHANSAMA',	NULL,	27,	3,	'খান্‌সামা',	60,	NULL,	'K525',	0,	0),
(267,	'DINAJPUR SADAR',	NULL,	27,	3,	'দিনাজপুর সদর',	64,	NULL,	'D5216236',	0,	0),
(268,	'NAWABGANJ',	NULL,	27,	3,	'নবাবগঞ্জ',	69,	NULL,	'N1252',	0,	0),
(269,	'PARBATIPUR',	NULL,	27,	3,	'পার্বতীপুর',	77,	NULL,	'P61316',	0,	0),
(270,	'ALFADANGA',	NULL,	29,	3,	'আল্‌ফাডাঙ্গা',	3,	NULL,	'A41352',	0,	0),
(271,	'BHANGA',	NULL,	29,	3,	'ভাংগা',	10,	NULL,	'B520',	0,	0),
(272,	'BOALMARI',	NULL,	29,	3,	'বোয়ালমারী',	18,	NULL,	'B456',	0,	0),
(273,	'CHAR BHADRASAN',	NULL,	29,	3,	'চর ভদ্রাশন',	21,	NULL,	'C613625',	0,	0),
(274,	'FARIDPUR SADAR',	NULL,	29,	3,	'ফরিদপুর সদর',	47,	NULL,	'F6316236',	0,	0),
(275,	'MADHUKHALI',	NULL,	29,	3,	'মধুখালী',	56,	NULL,	'M324',	0,	0),
(276,	'NAGARKANDA',	NULL,	29,	3,	'নগরকান্দা',	62,	NULL,	'N26253',	0,	0),
(277,	'SADARPUR',	NULL,	29,	3,	'সদরপুর',	84,	NULL,	'S3616',	0,	0),
(278,	'SALTHA',	NULL,	29,	3,	'সালথা',	90,	NULL,	'S430',	0,	0),
(279,	'CHHAGALNAIYA',	NULL,	30,	3,	'ছাগলনাইয়া',	14,	NULL,	'C450',	0,	0),
(280,	'DAGANBHUIYAN',	NULL,	30,	3,	'দাগনভূঁঞা',	25,	NULL,	'D2515',	0,	0),
(281,	'FENI SADAR',	NULL,	30,	3,	'ফেনী সদর',	29,	NULL,	'F5236',	0,	0),
(282,	'FULGAZI',	NULL,	30,	3,	'ফুলগাজী',	41,	NULL,	'F420',	0,	0),
(283,	'PARSHURAM',	NULL,	30,	3,	'পরশুরাম',	51,	NULL,	'P6265',	0,	0),
(284,	'SONAGAZI',	NULL,	30,	3,	'সোনাগাজী',	94,	NULL,	'S520',	0,	0),
(285,	'FULCHHARI',	NULL,	32,	3,	'ফুলছড়ি',	21,	NULL,	'F426',	0,	0),
(286,	'GAIBANDHA SADAR',	NULL,	32,	3,	'গাইবান্ধা সদর',	24,	NULL,	'G153236',	0,	0),
(287,	'GOBINDAGANJ',	NULL,	32,	3,	'গোবিন্দগঞ্জ',	30,	NULL,	'G153252',	0,	0),
(288,	'PALASHBARI',	NULL,	32,	3,	'পলাশবাড়ী',	67,	NULL,	'P4216',	0,	0),
(289,	'SADULLAPUR',	NULL,	32,	3,	'সাদুল্লাপুর',	82,	NULL,	'S3416',	0,	0),
(290,	'SAGHATA',	NULL,	32,	3,	'সাঘাটা',	88,	NULL,	'S300',	0,	0),
(291,	'SUNDARGANJ',	NULL,	32,	3,	'সুন্দরগঞ্জ',	91,	NULL,	'S536252',	0,	0),
(292,	'GAZIPUR SADAR',	NULL,	33,	3,	'গাজীপুর সদর',	30,	NULL,	'G16236',	0,	0),
(293,	'KALIAKAIR',	NULL,	33,	3,	'কালিয়াকৈর',	32,	NULL,	'K426',	0,	0),
(294,	'KALIGANJ',	NULL,	33,	3,	'কালিগঞ্জ',	34,	NULL,	'K4252',	0,	0),
(295,	'KAPASIA',	NULL,	33,	3,	'কাপাসিয়া',	36,	NULL,	'K120',	0,	0),
(296,	'SREEPUR',	NULL,	33,	3,	'শ্রীপুর',	86,	NULL,	'S616',	0,	0),
(297,	'GOPALGANJ SADAR',	NULL,	35,	3,	'গোপালগঞ্জ সদর',	32,	NULL,	'G1425236',	0,	0),
(298,	'KASHIANI',	NULL,	35,	3,	'কাশিয়ানী',	43,	NULL,	'K500',	0,	0),
(299,	'KOTALIPARA',	NULL,	35,	3,	'কোটালিপাড়া',	51,	NULL,	'K3416',	0,	0),
(300,	'MUKSUDPUR',	NULL,	35,	3,	'মুকসুদপুর',	58,	NULL,	'M2316',	0,	0),
(301,	'TUNGIPARA',	NULL,	35,	3,	'টংগীপাড়া',	91,	NULL,	'T5216',	0,	0),
(302,	'AJMIRIGANJ',	NULL,	36,	3,	'আজমিরিগঞ্জ',	2,	NULL,	'A256252',	0,	0),
(303,	'BAHUBAL',	NULL,	36,	3,	'বাহুবল',	5,	NULL,	'B400',	0,	0),
(304,	'BANIACHONG',	NULL,	36,	3,	'বানিয়াচং',	11,	NULL,	'B5252',	0,	0),
(305,	'CHUNARUGHAT',	NULL,	36,	3,	'চুনারুঘাট',	26,	NULL,	'C5623',	0,	0),
(306,	'HABIGANJ SADAR',	NULL,	36,	3,	'হবিগঞ্জ সদর',	44,	NULL,	'H125236',	0,	0),
(307,	'LAKHAI',	NULL,	36,	3,	'লাখাই',	68,	NULL,	'L200',	0,	0),
(308,	'MADHABPUR',	NULL,	36,	3,	'মাধবপুর',	71,	NULL,	'M316',	0,	0),
(309,	'NABIGANJ',	NULL,	36,	3,	'নবীগঞ্জ',	77,	NULL,	'N1252',	0,	0),
(310,	'AKKELPUR',	NULL,	38,	3,	'আক্কেলপুর',	13,	NULL,	'A2416',	0,	0),
(311,	'JOYPURHAT SADAR',	NULL,	38,	3,	'জয়পুরহাট সদর',	47,	NULL,	'J163236',	0,	0),
(312,	'KALAI',	NULL,	38,	3,	'কালাই',	58,	NULL,	'K400',	0,	0),
(313,	'KHETLAL',	NULL,	38,	3,	'ক্ষেতলাল',	61,	NULL,	'K340',	0,	0),
(314,	'PANCHBIBI',	NULL,	38,	3,	'পাঁচবিবি',	74,	NULL,	'P521',	0,	0),
(315,	'BAKSHIGANJ',	NULL,	39,	3,	'বকশিগঞ্জ',	7,	NULL,	'B252',	0,	0),
(316,	'DEWANGANJ',	NULL,	39,	3,	'দেওয়ানগঞ্জ',	15,	NULL,	'D5252',	0,	0),
(317,	'ISLAMPUR',	NULL,	39,	3,	'ইসলামপুর',	29,	NULL,	'I24516',	0,	0),
(318,	'JAMALPUR SADAR',	NULL,	39,	3,	'জামালপুর সদর',	36,	NULL,	'J5416236',	0,	0),
(319,	'MADARGANJ',	NULL,	39,	3,	'মাদারগঞ্জ',	58,	NULL,	'M36252',	0,	0),
(320,	'MELANDAHA',	NULL,	39,	3,	'মেলান্দহ',	61,	NULL,	'M453',	0,	0),
(321,	'SARISHABARI',	NULL,	39,	3,	'সরিষাবাড়ী',	85,	NULL,	'S6216',	0,	0),
(322,	'ABHAYNAGAR',	NULL,	41,	3,	'অভয়নগর',	4,	NULL,	'A1526',	0,	0),
(323,	'BAGHER PARA',	NULL,	41,	3,	'বাঘারপাড়া',	9,	NULL,	'B2616',	0,	0),
(324,	'CHAUGACHHA',	NULL,	41,	3,	'চৌগাছা',	11,	NULL,	'C000',	0,	0),
(325,	'JHIKARGACHHA',	NULL,	41,	3,	'ঝিকরগাছা',	23,	NULL,	'J620',	0,	0),
(326,	'KESHABPUR',	NULL,	41,	3,	'কেশবপুর',	38,	NULL,	'K160',	0,	0),
(327,	'JESSOR SADAR',	NULL,	41,	3,	'যশোর সদর',	47,	NULL,	'J6236',	0,	0),
(328,	'MANIRAMPUR',	NULL,	41,	3,	'মনিরামপুর',	61,	NULL,	'M6516',	0,	0),
(329,	'SHARSHA',	NULL,	41,	3,	'শার্শা',	90,	NULL,	'S620',	0,	0),
(330,	'JHALOKATI SADAR',	NULL,	42,	3,	'ঝালকাঠী সদর',	40,	NULL,	'J423236',	0,	0),
(331,	'KANTHALIA',	NULL,	42,	3,	'কাঠালিয়া',	43,	NULL,	'K534',	0,	0),
(332,	'NALCHITY',	NULL,	42,	3,	'নলছিটি',	73,	NULL,	'N423',	0,	0),
(333,	'RAJAPUR',	NULL,	42,	3,	'রাজাপুর',	84,	NULL,	'R216',	0,	0),
(334,	'HARINAKUNDA',	NULL,	44,	3,	'হরিনাকুন্ডু',	14,	NULL,	'H65253',	0,	0),
(335,	'JHENAIDAH SADAR',	NULL,	44,	3,	'ঝিনাইদহ সদর',	19,	NULL,	'J53236',	0,	0),
(336,	'KALIGANJ',	NULL,	44,	3,	'কালীগঞ্জ',	33,	NULL,	'K4252',	0,	0),
(337,	'KOTCHANDPUR',	NULL,	44,	3,	'কোটচাঁদপুর',	42,	NULL,	'K325316',	0,	0),
(338,	'MAHESHPUR',	NULL,	44,	3,	'মহেশপুর',	71,	NULL,	'M216',	0,	0),
(339,	'SHAILKUPA',	NULL,	44,	3,	'শৈলকুপা',	80,	NULL,	'S421',	0,	0),
(340,	'DIGHINALA',	NULL,	46,	3,	'দিঘিনালা',	43,	NULL,	'D254',	0,	0),
(341,	'KHAGRACHHARI SADAR',	NULL,	46,	3,	'খাগরাছড়ি সদর',	49,	NULL,	'K626236',	0,	0),
(342,	'LAKSHMICHHARI',	NULL,	46,	3,	'লক্ষীছড়ি',	61,	NULL,	'L2526',	0,	0),
(343,	'MAHALCHHARI',	NULL,	46,	3,	'মহালছড়ি',	65,	NULL,	'M426',	0,	0),
(344,	'MANIKCHHARI',	NULL,	46,	3,	'মানিকছড়ি',	67,	NULL,	'M260',	0,	0),
(345,	'MATIRANGA',	NULL,	46,	3,	'মাটিরাংগা',	70,	NULL,	'M3652',	0,	0),
(346,	'PANCHHARI',	NULL,	46,	3,	'পানছড়ি',	77,	NULL,	'P526',	0,	0),
(347,	'RAMGARH',	NULL,	46,	3,	'রামগর',	80,	NULL,	'R526',	0,	0),
(348,	'BATIAGHATA',	NULL,	47,	3,	'বটিয়াঘাটা',	12,	NULL,	'B323',	0,	0),
(349,	'DACOPE',	NULL,	47,	3,	'দাকোপ',	17,	NULL,	'D210',	0,	0),
(350,	'DAULATPUR',	NULL,	47,	3,	'দৌলতপুর',	21,	NULL,	'D4316',	0,	0),
(351,	'DUMURIA',	NULL,	47,	3,	'ডুমুরিয়া',	30,	NULL,	'D560',	0,	0),
(352,	'DIGHALIA',	NULL,	47,	3,	'দিঘলিয়া',	40,	NULL,	'D240',	0,	0),
(353,	'KHALISHPUR',	NULL,	47,	3,	'খালিসপুর',	45,	NULL,	'K4216',	0,	0),
(354,	'KHAN JAHAN ALI',	NULL,	47,	3,	'খান জাহান আলী',	48,	NULL,	'K5254',	0,	0),
(355,	'KHULNA SADAR',	NULL,	47,	3,	'খুলনা সদর',	51,	NULL,	'K45236',	0,	0),
(356,	'KOYRA',	NULL,	47,	3,	'কয়রা',	53,	NULL,	'K600',	0,	0),
(357,	'PAIKGACHHA',	NULL,	47,	3,	'পাইকগাছা',	64,	NULL,	'P200',	0,	0),
(358,	'PHULTALA',	NULL,	47,	3,	'ফুলতলা',	69,	NULL,	'P434',	0,	0),
(359,	'RUPSA',	NULL,	47,	3,	'রূপসা',	75,	NULL,	'R120',	0,	0),
(360,	'SONADANGA',	NULL,	47,	3,	'সোনাডাঙ্গা',	85,	NULL,	'S5352',	0,	0),
(361,	'TEROKHADA',	NULL,	47,	3,	'তেরখাদা',	94,	NULL,	'T623',	0,	0),
(362,	'AUSTAGRAM',	NULL,	48,	3,	'অষ্টগ্রাম',	2,	NULL,	'A23265',	0,	0),
(363,	'BAJITPUR',	NULL,	48,	3,	'বাজিতপুর',	6,	NULL,	'B2316',	0,	0),
(364,	'BHAIRAB',	NULL,	48,	3,	'ভৈরব',	11,	NULL,	'B610',	0,	0),
(365,	'HOSSAINPUR',	NULL,	48,	3,	'হোসেনপুর',	27,	NULL,	'H2516',	0,	0),
(366,	'ITNA',	NULL,	48,	3,	'ইটনা',	33,	NULL,	'I350',	0,	0),
(367,	'KARIMGANJ',	NULL,	48,	3,	'করিমগঞ্জ',	42,	NULL,	'K65252',	0,	0),
(368,	'KATIADI',	NULL,	48,	3,	'কটিয়াদী',	45,	NULL,	'K300',	0,	0),
(369,	'KISHOREGANJ SADAR',	NULL,	48,	3,	'কিশোরগঞ্জ সদর',	49,	NULL,	'K625236',	0,	0),
(370,	'KULIARCHAR',	NULL,	48,	3,	'কুলিয়ারচর',	54,	NULL,	'K4626',	0,	0),
(371,	'MITHAMAIN',	NULL,	48,	3,	'মিঠামইন',	59,	NULL,	'M350',	0,	0),
(372,	'NIKLI',	NULL,	48,	3,	'নিক্‌লী',	76,	NULL,	'N240',	0,	0),
(373,	'PAKUNDIA',	NULL,	48,	3,	'পাকুন্দিয়া',	79,	NULL,	'P253',	0,	0),
(374,	'TARAIL',	NULL,	48,	3,	'তারাইল',	92,	NULL,	'T640',	0,	0),
(375,	'BHURUNGAMARI',	NULL,	49,	3,	'ভুরুংগামারী',	6,	NULL,	'B65256',	0,	0),
(376,	'CHAR RAJIBPUR',	NULL,	49,	3,	'রাজিবপুর',	8,	NULL,	'C6216',	0,	0),
(377,	'CHILMARI',	NULL,	49,	3,	'চিলমারী',	9,	NULL,	'C456',	0,	0),
(378,	'PHULBARI',	NULL,	49,	3,	'ফুলবাড়ী',	18,	NULL,	'P416',	0,	0),
(379,	'KURIGRAM SADAR',	NULL,	49,	3,	'কুড়িগ্রাম সদর',	52,	NULL,	'K6265236',	0,	0),
(380,	'NAGESHWARI',	NULL,	49,	3,	'নাগেশ্বরী',	61,	NULL,	'N260',	0,	0),
(381,	'RAJARHAT',	NULL,	49,	3,	'রাজারহাট',	77,	NULL,	'R263',	0,	0),
(382,	'RAUMARI',	NULL,	49,	3,	'রৌমারী',	79,	NULL,	'R560',	0,	0),
(383,	'ULIPUR',	NULL,	49,	3,	'উলিপুর',	94,	NULL,	'U416',	0,	0),
(384,	'BHERAMARA',	NULL,	50,	3,	'ভেড়ামারা',	15,	NULL,	'B656',	0,	0),
(385,	'DAULATPUR',	NULL,	50,	3,	'দৌলতপুর',	39,	NULL,	'D4316',	0,	0),
(386,	'KHOKSA',	NULL,	50,	3,	'খোক্‌সা',	63,	NULL,	'K000',	0,	0),
(387,	'KUMARKHALI',	NULL,	50,	3,	'কুমারখালী',	71,	NULL,	'K5624',	0,	0),
(388,	'KUSHTIA SADAR',	NULL,	50,	3,	'কুষ্টিয়া সদর',	79,	NULL,	'K3236',	0,	0),
(389,	'MIRPUR',	NULL,	50,	3,	'মিরপুর',	94,	NULL,	'M616',	0,	0),
(390,	'KAMALNAGAR',	NULL,	51,	3,	'কমলনগর',	33,	NULL,	'K54526',	0,	0),
(391,	'LAKSHMIPUR SADAR',	NULL,	51,	3,	'লক্ষ্ণীপুর সদর',	43,	NULL,	'L2516236',	0,	0),
(392,	'ROYPUR',	NULL,	51,	3,	'রায়পুর',	58,	NULL,	'R160',	0,	0),
(393,	'RAMGANJ',	NULL,	51,	3,	'রামগঞ্জ',	65,	NULL,	'R5252',	0,	0),
(394,	'RAMGATI',	NULL,	51,	3,	'রামগতী',	73,	NULL,	'R523',	0,	0),
(395,	'ADITMARI',	NULL,	52,	3,	'আদিতমারী',	2,	NULL,	'A356',	0,	0),
(396,	'HATIBANDHA',	NULL,	52,	3,	'হাতীবান্ধা',	33,	NULL,	'H3153',	0,	0),
(397,	'KALIGANJ',	NULL,	52,	3,	'কালীগঞ্জ',	39,	NULL,	'K4252',	0,	0),
(398,	'LALMONIRHAT SADAR',	NULL,	52,	3,	'লালমনিরহাট সদর',	55,	NULL,	'L563236',	0,	0),
(399,	'PATGRAM',	NULL,	52,	3,	'পাটগ্রাম',	70,	NULL,	'P3265',	0,	0),
(400,	'KALKINI',	NULL,	54,	3,	'কালকিনী',	40,	NULL,	'K425',	0,	0),
(401,	'MADARIPUR SADAR',	NULL,	54,	3,	'মাদারিপুর সদর',	54,	NULL,	'M3616236',	0,	0),
(402,	'RAJOIR',	NULL,	54,	3,	'রাজৈর',	80,	NULL,	'R260',	0,	0),
(403,	'SHIB CHAR',	NULL,	54,	3,	'শিব্‌ চর',	87,	NULL,	'S126',	0,	0),
(404,	'MAGURA SADAR',	NULL,	55,	3,	'মাগুরা সদর',	57,	NULL,	'M26236',	0,	0),
(405,	'MOHAMMADPUR',	NULL,	55,	3,	'মোহাম্মদপুর',	66,	NULL,	'M316',	0,	0),
(406,	'SHALIKHA',	NULL,	55,	3,	'শালিখা',	85,	NULL,	'S420',	0,	0),
(407,	'SREEPUR',	NULL,	55,	3,	'শ্রীপুর',	95,	NULL,	'S616',	0,	0),
(408,	'DAULATPUR',	NULL,	56,	3,	'দৌলতপুর',	10,	NULL,	'D4316',	0,	0),
(409,	'GHIOR',	NULL,	56,	3,	'ঘিওর',	22,	NULL,	'G600',	0,	0),
(410,	'HARIRAMPUR',	NULL,	56,	3,	'হরিরামপুর',	28,	NULL,	'H6516',	0,	0),
(411,	'MANIKGANJ SADAR',	NULL,	56,	3,	'মানিকগঞ্জ সদর',	46,	NULL,	'M25236',	0,	0),
(412,	'SATURIA',	NULL,	56,	3,	'সাটুরিয়া',	70,	NULL,	'S360',	0,	0),
(413,	'SHIBALAYA',	NULL,	56,	3,	'শিবালয়',	78,	NULL,	'S140',	0,	0),
(414,	'SINGAIR',	NULL,	56,	3,	'শিংগাইর',	82,	NULL,	'S526',	0,	0),
(415,	'GANGNI',	NULL,	57,	3,	'গাংনী',	47,	NULL,	'G525',	0,	0),
(416,	'MUJIB NAGAR',	NULL,	57,	3,	'মজিব নগর',	60,	NULL,	'M21526',	0,	0),
(417,	'MEHERPUR SADAR',	NULL,	57,	3,	'মেহেরপুর সদর',	87,	NULL,	'M616236',	0,	0),
(418,	'BARLEKHA',	NULL,	58,	3,	'বড়লেখা',	14,	NULL,	'B642',	0,	0),
(419,	'JURI',	NULL,	58,	3,	'জুড়ী',	35,	NULL,	'J600',	0,	0),
(420,	'KAMALGANJ',	NULL,	58,	3,	'কমলগঞ্জ',	56,	NULL,	'K54252',	0,	0),
(421,	'KULAURA',	NULL,	58,	3,	'কুলাউড়া',	65,	NULL,	'K460',	0,	0),
(422,	'MAULVIBAZAR SADAR',	NULL,	58,	3,	'মৌলভীবাজার সদর',	74,	NULL,	'M4126236',	0,	0),
(423,	'RAJNAGAR',	NULL,	58,	3,	'রাজনগর',	80,	NULL,	'R2526',	0,	0),
(424,	'SREEMANGAL',	NULL,	58,	3,	'শ্রীমঙ্গল',	83,	NULL,	'S6524',	0,	0),
(425,	'GAZARIA',	NULL,	59,	3,	'গজারিয়া',	24,	NULL,	'G600',	0,	0),
(426,	'LOHAJANG',	NULL,	59,	3,	'লৌহজং',	44,	NULL,	'L252',	0,	0),
(427,	'MUNSHIGANJ SADAR',	NULL,	59,	3,	'মুন্সীগঞ্জ সদর',	56,	NULL,	'M25236',	0,	0),
(428,	'SERAJDIKHAN',	NULL,	59,	3,	'সিরাজদিখান',	74,	NULL,	'S62325',	0,	0),
(429,	'SREENAGAR',	NULL,	59,	3,	'শ্রীনগর',	84,	NULL,	'S6526',	0,	0),
(430,	'TONGIBARI',	NULL,	59,	3,	'টুঙ্গিবাড়ী',	94,	NULL,	'T5216',	0,	0),
(431,	'BHALUKA',	NULL,	61,	3,	'ভালুকা',	13,	NULL,	'B420',	0,	0),
(432,	'DHOBAURA',	NULL,	61,	3,	'ধোবাউড়া',	16,	NULL,	'D160',	0,	0),
(433,	'FULBARIA',	NULL,	61,	3,	'ফুলবাড়ীয়া',	20,	NULL,	'F416',	0,	0),
(434,	'GAFFARGAON',	NULL,	61,	3,	'গফরগাঁও',	22,	NULL,	'G1625',	0,	0),
(435,	'GAURIPUR',	NULL,	61,	3,	'গৌরীপুর',	23,	NULL,	'G616',	0,	0),
(436,	'HALUAGHAT',	NULL,	61,	3,	'হালুয়াঘাট',	24,	NULL,	'H423',	0,	0),
(437,	'ISHWARGANJ',	NULL,	61,	3,	'ঈশ্বরগঞ্জ',	31,	NULL,	'I26252',	0,	0),
(438,	'MYMENSINGH SADAR',	NULL,	61,	3,	'ময়মনসিংহ সদর',	52,	NULL,	'M25236',	0,	0),
(439,	'MUKTAGACHHA',	NULL,	61,	3,	'মুক্তাগাছা',	65,	NULL,	'M232',	0,	0),
(440,	'NANDAIL',	NULL,	61,	3,	'নান্দাইল',	72,	NULL,	'N340',	0,	0),
(441,	'PHULPUR',	NULL,	61,	3,	'ফুলপুর',	81,	NULL,	'P416',	0,	0),
(442,	'TRISHAL',	NULL,	61,	3,	'ত্রিশাল',	94,	NULL,	'T624',	0,	0),
(443,	'ATRAI',	NULL,	64,	3,	'আত্রাই',	3,	NULL,	'A360',	0,	0),
(444,	'BADALGACHHI',	NULL,	64,	3,	'বদলগাছী',	6,	NULL,	'B342',	0,	0),
(445,	'DHAMOIRHAT',	NULL,	64,	3,	'ধামুইরহাট',	28,	NULL,	'D563',	0,	0),
(446,	'MANDA',	NULL,	64,	3,	'মান্দা',	47,	NULL,	'M300',	0,	0),
(447,	'MAHADEBPUR',	NULL,	64,	3,	'মহাদেবপুর',	50,	NULL,	'M316',	0,	0),
(448,	'NAOGAON SADAR',	NULL,	64,	3,	'নওগাঁ সদর',	60,	NULL,	'N25236',	0,	0),
(449,	'NIAMATPUR',	NULL,	64,	3,	'নিয়ামতপুর',	69,	NULL,	'N316',	0,	0),
(450,	'PATNITALA',	NULL,	64,	3,	'পত্নীতলা',	75,	NULL,	'P3534',	0,	0),
(451,	'PORSHA',	NULL,	64,	3,	'পোরশা',	79,	NULL,	'P620',	0,	0),
(452,	'RANINAGAR',	NULL,	64,	3,	'রাণীনগর',	85,	NULL,	'R526',	0,	0),
(453,	'SAPAHAR',	NULL,	64,	3,	'সাপাহার',	86,	NULL,	'S160',	0,	0),
(454,	'KALIA',	NULL,	65,	3,	'কালিয়া',	28,	NULL,	'K400',	0,	0),
(455,	'LOHAGARA',	NULL,	65,	3,	'লোহাগড়া',	52,	NULL,	'L260',	0,	0),
(456,	'NARAIL SADAR',	NULL,	65,	3,	'নড়াইল সদর',	76,	NULL,	'N64236',	0,	0),
(457,	'ARAIHAZAR',	NULL,	67,	3,	'আড়াইহাজার',	2,	NULL,	'A626',	0,	0),
(458,	'SONARGAON',	NULL,	67,	3,	'সোনারগাঁও',	4,	NULL,	'S5625',	0,	0),
(459,	'BANDAR',	NULL,	67,	3,	'বন্দর',	6,	NULL,	'B536',	0,	0),
(460,	'NARAYANGANJ SADAR',	NULL,	67,	3,	'নারায়নগঞ্জ সদর',	58,	NULL,	'N6525236',	0,	0),
(461,	'RUPGANJ',	NULL,	67,	3,	'রূপগঞ্জ',	68,	NULL,	'R1252',	0,	0),
(462,	'BELABO',	NULL,	68,	3,	'বেলাবো',	7,	NULL,	'B410',	0,	0),
(463,	'MANOHARDI',	NULL,	68,	3,	'মনোহরদী',	52,	NULL,	'M630',	0,	0),
(464,	'NARSINGDI SADAR',	NULL,	68,	3,	'নরসিংদী সদর',	60,	NULL,	'N62523236',	0,	0),
(465,	'PALASH',	NULL,	68,	3,	'পলাশ',	63,	NULL,	'P420',	0,	0),
(466,	'ROYPURA',	NULL,	68,	3,	'রায়পুরা',	64,	NULL,	'R160',	0,	0),
(467,	'SHIBPUR',	NULL,	68,	3,	'শিবপুর',	76,	NULL,	'S160',	0,	0),
(468,	'BAGATIPARA',	NULL,	69,	3,	'বাগাতিপাড়া',	9,	NULL,	'B2316',	0,	0),
(469,	'BARAIGRAM',	NULL,	69,	3,	'বড়ইগ্রাম',	15,	NULL,	'B6265',	0,	0),
(470,	'GURUDASPUR',	NULL,	69,	3,	'গুরুদাসপুর',	41,	NULL,	'G63216',	0,	0),
(471,	'LALPUR',	NULL,	69,	3,	'লালপুর',	44,	NULL,	'L160',	0,	0),
(472,	'NALDANGA',	NULL,	69,	3,	'নলডাঙ্গা',	55,	NULL,	'N4352',	0,	0),
(473,	'NATORE SADAR',	NULL,	69,	3,	'নাটোর সদর',	63,	NULL,	'N36236',	0,	0),
(474,	'SINGRA',	NULL,	69,	3,	'সিংড়া',	91,	NULL,	'S526',	0,	0),
(475,	'BHOLAHAT',	NULL,	70,	3,	'ভোলাহাট',	18,	NULL,	'B430',	0,	0),
(476,	'GOMASTAPUR',	NULL,	70,	3,	'গোমস্তাপুর',	37,	NULL,	'G52316',	0,	0),
(477,	'NACHOLE',	NULL,	70,	3,	'নাচোল',	56,	NULL,	'N240',	0,	0),
(478,	'CHAPAI NABABGANJ SADAR',	NULL,	70,	3,	'চাঁপাই নবাবগঞ্জ সদর',	66,	NULL,	'C15125236',	0,	0),
(479,	'SHIBGANJ',	NULL,	70,	3,	'শিবগঞ্জ',	88,	NULL,	'S1252',	0,	0),
(480,	'ATPARA',	NULL,	72,	3,	'আটপাড়া',	4,	NULL,	'A316',	0,	0),
(481,	'BARHATTA',	NULL,	72,	3,	'বারহাট্টা',	9,	NULL,	'B630',	0,	0),
(482,	'DURGAPUR',	NULL,	72,	3,	'দূর্গাপুর',	18,	NULL,	'D6216',	0,	0),
(483,	'KHALIAJURI',	NULL,	72,	3,	'খলিয়াজুরী',	38,	NULL,	'K426',	0,	0),
(484,	'KALMAKANDA',	NULL,	72,	3,	'কলমাকান্দা',	40,	NULL,	'K45253',	0,	0),
(485,	'KENDUA',	NULL,	72,	3,	'কেন্দুয়া',	47,	NULL,	'K530',	0,	0),
(486,	'MADAN',	NULL,	72,	3,	'মদন ',	56,	NULL,	'M350',	0,	0),
(487,	'MOHANGANJ',	NULL,	72,	3,	'মোহনগঞ্জ',	63,	NULL,	'M252',	0,	0),
(488,	'NETROKONA SADAR',	NULL,	72,	3,	'নেত্রকোনা সদর',	74,	NULL,	'N3625236',	0,	0),
(489,	'PURBADHALA',	NULL,	72,	3,	'পূর্বধলা',	83,	NULL,	'P6134',	0,	0),
(490,	'DIMLA',	NULL,	73,	3,	'ডিমলা',	12,	NULL,	'D540',	0,	0),
(491,	'DOMAR',	NULL,	73,	3,	'ডোমার',	15,	NULL,	'D560',	0,	0),
(492,	'JALDHAKA',	NULL,	73,	3,	'জলঢাকা',	36,	NULL,	'J432',	0,	0),
(493,	'KISHOREGANJ',	NULL,	73,	3,	'কিশোরগঞ্জ',	45,	NULL,	'K6252',	0,	0),
(494,	'NILPHAMARI SADAR',	NULL,	73,	3,	'নীলফামারী সদর',	64,	NULL,	'N4156236',	0,	0),
(495,	'SAIDPUR',	NULL,	73,	3,	'সৈয়দপুর',	85,	NULL,	'S316',	0,	0),
(496,	'BEGUMGANJ',	NULL,	75,	3,	'বেগমগঞ্জ',	7,	NULL,	'B25252',	0,	0),
(497,	'CHATKHIL',	NULL,	75,	3,	'চাট্‌খিল',	10,	NULL,	'C324',	0,	0),
(498,	'COMPANIGANJ',	NULL,	75,	3,	'কোম্পানীগঞ্জ',	21,	NULL,	'C515252',	0,	0),
(499,	'HATIYA',	NULL,	75,	3,	'হাতিয়া',	36,	NULL,	'H300',	0,	0),
(500,	'KABIRHAT',	NULL,	75,	3,	'কবিরহাট',	47,	NULL,	'K163',	0,	0),
(501,	'SENBAGH',	NULL,	75,	3,	'সেনবাগ',	80,	NULL,	'S512',	0,	0),
(502,	'SONAIMURI',	NULL,	75,	3,	'সোনাইমুড়ি',	83,	NULL,	'S560',	0,	0),
(503,	'SUBARNACHAR',	NULL,	75,	3,	'সুবর্ণচর',	85,	NULL,	'S16526',	0,	0),
(504,	'NOAKHALI SADAR',	NULL,	75,	3,	'নোয়াখালী সদর',	87,	NULL,	'N24236',	0,	0),
(505,	'ATGHARIA',	NULL,	76,	3,	'আটঘরিয়া',	5,	NULL,	'A326',	0,	0),
(506,	'BERA',	NULL,	76,	3,	'বেড়া',	16,	NULL,	'B600',	0,	0),
(507,	'BHANGURA',	NULL,	76,	3,	'ভাংগুড়া',	19,	NULL,	'B526',	0,	0),
(508,	'CHATMOHAR',	NULL,	76,	3,	'চাট্‌মোহর',	22,	NULL,	'C356',	0,	0),
(509,	'FARIDPUR',	NULL,	76,	3,	'ফরিদপুর',	33,	NULL,	'F6316',	0,	0),
(510,	'ISHWARDI',	NULL,	76,	3,	'ঈশ্বরদী',	39,	NULL,	'I263',	0,	0),
(511,	'PABNA SADAR',	NULL,	76,	3,	'পাবনা সদর',	55,	NULL,	'P5236',	0,	0),
(512,	'SANTHIA',	NULL,	76,	3,	'সাঁথিয়া',	72,	NULL,	'S530',	0,	0),
(513,	'SUJANAGAR',	NULL,	76,	3,	'সুজানগর',	83,	NULL,	'S526',	0,	0),
(514,	'ATWARI',	NULL,	77,	3,	'আটোয়ারী',	4,	NULL,	'A360',	0,	0),
(515,	'BODA',	NULL,	77,	3,	'বোদা',	25,	NULL,	'B300',	0,	0),
(516,	'DEBIGANJ',	NULL,	77,	3,	'দেবীগঞ্জ',	34,	NULL,	'D1252',	0,	0),
(517,	'PANCHAGARH SADAR',	NULL,	77,	3,	'পঞ্চগড় সদর',	73,	NULL,	'P526236',	0,	0),
(518,	'TENTULIA',	NULL,	77,	3,	'তেঁতুলিয়া',	90,	NULL,	'T534',	0,	0),
(519,	'BAUPHAL',	NULL,	78,	3,	'বাউফল',	38,	NULL,	'B400',	0,	0),
(520,	'DASHMINA',	NULL,	78,	3,	'দশমিনা',	52,	NULL,	'D250',	0,	0),
(521,	'DUMKI',	NULL,	78,	3,	'দুম্‌কী',	55,	NULL,	'D520',	0,	0),
(522,	'GALACHIPA',	NULL,	78,	3,	'গলাচিপা',	57,	NULL,	'G421',	0,	0),
(523,	'KALA PARA',	NULL,	78,	3,	'কলাপাড়া',	66,	NULL,	'K416',	0,	0),
(524,	'MIRZAGANJ',	NULL,	78,	3,	'মির্জাগঞ্জ',	76,	NULL,	'M6252',	0,	0),
(525,	'PATUAKHALI SADAR',	NULL,	78,	3,	'পটুয়াখালী সদর',	95,	NULL,	'P324236',	0,	0),
(526,	'RANGABALI',	NULL,	78,	3,	'রাংগাবালী',	97,	NULL,	'R5214',	0,	0),
(527,	'BHANDARIA',	NULL,	79,	3,	'ভান্ডারিয়া',	14,	NULL,	'B536',	0,	0),
(528,	'KAWKHALI',	NULL,	79,	3,	'কাউখালী',	47,	NULL,	'K400',	0,	0),
(529,	'MATHBARIA',	NULL,	79,	3,	'মঠবাড়ীয়া',	58,	NULL,	'M316',	0,	0),
(530,	'NAZIRPUR UPAZILA',	NULL,	79,	3,	'নাজিরপুর',	76,	NULL,	'N2616124',	0,	0),
(531,	'PIROJPUR SADAR',	NULL,	79,	3,	'পিরোজপুর সদর',	80,	NULL,	'P6216236',	0,	0),
(532,	'NESARABAD (SWARUPKATI)',	NULL,	79,	3,	'নেছারাবাদ(স্বরূপকাঠী)',	87,	NULL,	'N261326123',	0,	0),
(533,	'ZIANAGAR',	NULL,	79,	3,	'জিয়ানগর',	90,	NULL,	'Z526',	0,	0),
(534,	'BAGHA',	NULL,	81,	3,	'বাঘা',	10,	NULL,	'B200',	0,	0),
(535,	'BAGHMARA',	NULL,	81,	3,	'বাগমারা',	12,	NULL,	'B256',	0,	0),
(536,	'BOALIA',	NULL,	81,	3,	'বোয়ালিয়া',	22,	NULL,	'B400',	0,	0),
(537,	'CHARGHAT',	NULL,	81,	3,	'চারঘাট',	25,	NULL,	'C623',	0,	0),
(538,	'DURGAPUR',	NULL,	81,	3,	'দূর্গাপুর',	31,	NULL,	'D6216',	0,	0),
(539,	'GODAGARI',	NULL,	81,	3,	'গোদাগাড়ী',	34,	NULL,	'G326',	0,	0),
(540,	'MATIHAR',	NULL,	81,	3,	'মতিহার',	40,	NULL,	'M360',	0,	0),
(541,	'MOHANPUR',	NULL,	81,	3,	'মোহনপুর',	53,	NULL,	'M160',	0,	0),
(542,	'PABA',	NULL,	81,	3,	'পবা',	72,	NULL,	'P000',	0,	0),
(543,	'PUTHIA',	NULL,	81,	3,	'পুঠিয়া',	82,	NULL,	'P300',	0,	0),
(544,	'RAJPARA',	NULL,	81,	3,	'রাজপাড়া',	85,	NULL,	'R216',	0,	0),
(545,	'SHAH MAKHDUM',	NULL,	81,	3,	'শাহ্‌ মখদুম',	90,	NULL,	'S5235',	0,	0),
(546,	'TANORE',	NULL,	81,	3,	'তানোর',	94,	NULL,	'T560',	0,	0),
(547,	'BALIAKANDI',	NULL,	82,	3,	'বালিয়াকান্দি',	7,	NULL,	'B4253',	0,	0),
(548,	'GOALANDA',	NULL,	82,	3,	'গোয়ালন্দ',	29,	NULL,	'G453',	0,	0),
(549,	'KALUKHALI',	NULL,	82,	3,	'কালুখালী',	47,	NULL,	'K424',	0,	0),
(550,	'PANGSHA',	NULL,	82,	3,	'পাংশা',	73,	NULL,	'P520',	0,	0),
(551,	'RAJBARI SADAR',	NULL,	82,	3,	'রাজবাড়ী সদর',	76,	NULL,	'R216236',	0,	0),
(552,	'BAGHAICHHARI',	NULL,	84,	3,	'বাঘাইছড়ি',	7,	NULL,	'B260',	0,	0),
(553,	'BARKAL',	NULL,	84,	3,	'বরকল',	21,	NULL,	'B624',	0,	0),
(554,	'KAWKHALI',	NULL,	84,	3,	'কাউখালী',	25,	NULL,	'K400',	0,	0),
(555,	'BELAI CHHARI',	NULL,	84,	3,	'বিলাইছড়ি',	29,	NULL,	'B426',	0,	0),
(556,	'KAPTAI',	NULL,	84,	3,	'কাপ্তাই',	36,	NULL,	'K130',	0,	0),
(557,	'JURAI CHHARI',	NULL,	84,	3,	'জুরাইছড়ি',	47,	NULL,	'J626',	0,	0),
(558,	'LANGADU',	NULL,	84,	3,	'লংগদু',	58,	NULL,	'L523',	0,	0),
(559,	'NANIARCHAR',	NULL,	84,	3,	'নানিয়ারচর',	75,	NULL,	'N626',	0,	0),
(560,	'RAJASTHALI',	NULL,	84,	3,	'রাজস্থালী',	78,	NULL,	'R234',	0,	0),
(561,	'RANGAMATI SADAR',	NULL,	84,	3,	'রাঙ্গামাটি সদর',	87,	NULL,	'R5253236',	0,	0),
(562,	'BADARGANJ',	NULL,	85,	3,	'বদরগঞ্জ',	3,	NULL,	'B36252',	0,	0),
(563,	'GANGACHARA',	NULL,	85,	3,	'গংগাচড়া',	27,	NULL,	'G526',	0,	0),
(564,	'KAUNIA',	NULL,	85,	3,	'কাউনিয়া',	42,	NULL,	'K500',	0,	0),
(565,	'RANGPUR SADAR',	NULL,	85,	3,	'রংপুর সদর',	49,	NULL,	'R5216236',	0,	0),
(566,	'MITHA PUKUR',	NULL,	85,	3,	'মিঠাপুকুর',	58,	NULL,	'M3126',	0,	0),
(567,	'PIRGACHHA',	NULL,	85,	3,	'পীরগাছা',	73,	NULL,	'P620',	0,	0),
(568,	'PIRGANJ',	NULL,	85,	3,	'পীরগঞ্জ',	76,	NULL,	'P6252',	0,	0),
(569,	'TARAGANJ',	NULL,	85,	3,	'তারাগঞ্জ',	92,	NULL,	'T6252',	0,	0),
(570,	'BHEDARGANJ',	NULL,	86,	3,	'ভেদরগঞ্জ',	14,	NULL,	'B36252',	0,	0),
(571,	'DAMUDYA',	NULL,	86,	3,	'ডামুড্যা',	25,	NULL,	'D530',	0,	0),
(572,	'GOSAIRHAT',	NULL,	86,	3,	'গোসাইরহাট',	36,	NULL,	'G630',	0,	0),
(573,	'NARIA',	NULL,	86,	3,	'নড়িয়া',	65,	NULL,	'N600',	0,	0),
(574,	'SHARIATPUR SADAR',	NULL,	86,	3,	'শরিয়তপুর সদর',	69,	NULL,	'S6316236',	0,	0),
(575,	'ZANJIRA',	NULL,	86,	3,	'জাজিরা',	94,	NULL,	'Z526',	0,	0),
(576,	'ASSASUNI',	NULL,	87,	3,	'আশাশুনি',	4,	NULL,	'A250',	0,	0),
(577,	'DEBHATA',	NULL,	87,	3,	'দেবহাটা',	25,	NULL,	'D130',	0,	0),
(578,	'KALAROA',	NULL,	87,	3,	'কলারোয়া',	43,	NULL,	'K460',	0,	0),
(579,	'KALIGANJ',	NULL,	87,	3,	'কালিগঞ্জ',	47,	NULL,	'K4252',	0,	0),
(580,	'SATKHIRA SADAR',	NULL,	87,	3,	'সাতক্ষিরা সদর',	82,	NULL,	'S326236',	0,	0),
(581,	'SHYAMNAGAR',	NULL,	87,	3,	'শ্যামনগর',	86,	NULL,	'S526',	0,	0),
(582,	'TALA',	NULL,	87,	3,	'তালা',	90,	NULL,	'T400',	0,	0),
(583,	'BELKUCHI',	NULL,	88,	3,	'বেলকুচি',	11,	NULL,	'B420',	0,	0),
(584,	'CHAUHALI',	NULL,	88,	3,	'চৌহালী',	27,	NULL,	'C400',	0,	0),
(585,	'KAMARKHANDA',	NULL,	88,	3,	'কামারখন্দ',	44,	NULL,	'K56253',	0,	0),
(586,	'KAZIPUR',	NULL,	88,	3,	'কাজীপুর',	50,	NULL,	'K160',	0,	0),
(587,	'ROYGANJ',	NULL,	88,	3,	'রায়গঞ্জ',	61,	NULL,	'R252',	0,	0),
(588,	'SHAHJADPUR',	NULL,	88,	3,	'শাহাজাদপুর',	67,	NULL,	'S316',	0,	0),
(589,	'SIRAJGANJ SADAR',	NULL,	88,	3,	'সিরাজগঞ্জ সদর',	78,	NULL,	'S625236',	0,	0),
(590,	'TARASH',	NULL,	88,	3,	'তাড়াশ',	89,	NULL,	'T620',	0,	0),
(591,	'ULLAH PARA',	NULL,	88,	3,	'উল্লা পাড়া',	94,	NULL,	'U416',	0,	0),
(592,	'JHENAIGATI',	NULL,	89,	3,	'ঝিনাইঘাতি',	37,	NULL,	'J523',	0,	0),
(593,	'NAKLA',	NULL,	89,	3,	'নকলা',	67,	NULL,	'N240',	0,	0),
(594,	'NALITABARI',	NULL,	89,	3,	'নালিতাবাড়ী',	70,	NULL,	'N4316',	0,	0),
(595,	'SHERPUR SADAR',	NULL,	89,	3,	'শেরপুর সদর',	88,	NULL,	'S616236',	0,	0),
(596,	'SREEBARDI',	NULL,	89,	3,	'শ্রীবর্দি',	90,	NULL,	'S6163',	0,	0),
(597,	'BISHWAMBARPUR',	NULL,	90,	3,	'বিশ্বম্ভরপুর',	18,	NULL,	'B251616',	0,	0),
(598,	'CHHATAK',	NULL,	90,	3,	'ছাতক',	23,	NULL,	'C320',	0,	0),
(599,	'DAKSHIN SUNAMGANJ',	NULL,	90,	3,	'দক্ষিন সুনামগঞ্জ',	27,	NULL,	'D2525252',	0,	0),
(600,	'DERAI',	NULL,	90,	3,	'দিরাই',	29,	NULL,	'D600',	0,	0),
(601,	'DHARAMPASHA',	NULL,	90,	3,	'ধর্মপাশা',	32,	NULL,	'D6512',	0,	0),
(602,	'DOWARABAZAR',	NULL,	90,	3,	'দোয়ারাবাজার',	33,	NULL,	'D6126',	0,	0),
(603,	'JAGANNATHPUR',	NULL,	90,	3,	'জগন্নাথপুর',	47,	NULL,	'J5316',	0,	0),
(604,	'JAMALGANJ',	NULL,	90,	3,	'জামালগঞ্জ',	50,	NULL,	'J54252',	0,	0),
(605,	'SULLA',	NULL,	90,	3,	'শুল্লা',	86,	NULL,	'S400',	0,	0),
(606,	'SUNAMGANJ SADAR',	NULL,	90,	3,	'সুনামগঞ্জ সদর',	89,	NULL,	'S525236',	0,	0),
(607,	'TAHIRPUR',	NULL,	90,	3,	'তাহিরপুর',	92,	NULL,	'T616',	0,	0),
(608,	'BALAGANJ',	NULL,	91,	3,	'বালাগঞ্জ',	8,	NULL,	'B4252',	0,	0),
(609,	'BEANI BAZAR',	NULL,	91,	3,	'বিয়ানী বাজার',	17,	NULL,	'B5126',	0,	0),
(610,	'BISHWANATH',	NULL,	91,	3,	'বিশ্বনাথ',	20,	NULL,	'B253',	0,	0),
(611,	'COMPANIGANJ',	NULL,	91,	3,	'কোম্পানীগঞ্জ',	27,	NULL,	'C515252',	0,	0),
(612,	'DAKSHIN SURMA',	NULL,	91,	3,	'দক্ষিণ সুরমা',	31,	NULL,	'D25265',	0,	0),
(613,	'FENCHUGANJ',	NULL,	91,	3,	'ফেঞ্চুগঞ্জ',	35,	NULL,	'F5252',	0,	0),
(614,	'GOLAPGANJ',	NULL,	91,	3,	'গোলাপগঞ্জ',	38,	NULL,	'G41252',	0,	0),
(615,	'GOWAINGHAT',	NULL,	91,	3,	'গোয়াইনঘাট',	41,	NULL,	'G523',	0,	0),
(616,	'JAINTIAPUR',	NULL,	91,	3,	'জৈন্তাপুর',	53,	NULL,	'J5316',	0,	0),
(617,	'KANAIGHAT',	NULL,	91,	3,	'কানাইঘাট',	59,	NULL,	'K523',	0,	0),
(618,	'SYLHET SADAR',	NULL,	91,	3,	'সিলেট সদর',	62,	NULL,	'S43236',	0,	0),
(619,	'ZAKIGANJ',	NULL,	91,	3,	'জকিগঞ্জ',	94,	NULL,	'Z520',	0,	0),
(620,	'BASAIL',	NULL,	93,	3,	'বাসাইল',	9,	NULL,	'B240',	0,	0),
(621,	'BHUAPUR',	NULL,	93,	3,	'ভূঞাপুর',	19,	NULL,	'B600',	0,	0),
(622,	'DELDUAR',	NULL,	93,	3,	'দেলদুয়ার',	23,	NULL,	'D436',	0,	0),
(623,	'DHANBARI',	NULL,	93,	3,	'ধনবাড়ী',	25,	NULL,	'D516',	0,	0),
(624,	'GHATAIL',	NULL,	93,	3,	'ঘাটাইল',	28,	NULL,	'G340',	0,	0),
(625,	'GOPALPUR',	NULL,	93,	3,	'গোপালপুর',	38,	NULL,	'G1416',	0,	0),
(626,	'KALIHATI',	NULL,	93,	3,	'কালিহাতি',	47,	NULL,	'K430',	0,	0),
(627,	'MADHUPUR',	NULL,	93,	3,	'মধুপুর',	57,	NULL,	'M316',	0,	0),
(628,	'MIRZAPUR',	NULL,	93,	3,	'মির্জাপুর',	66,	NULL,	'M6216',	0,	0),
(629,	'NAGARPUR',	NULL,	93,	3,	'নাগরপুর',	76,	NULL,	'N2616',	0,	0),
(630,	'SAKHIPUR',	NULL,	93,	3,	'সখিপুর',	85,	NULL,	'S160',	0,	0),
(631,	'TANGAIL SADAR',	NULL,	93,	3,	'টাঙ্গাইল সদর',	95,	NULL,	'T524236',	0,	0),
(632,	'BALIADANGI',	NULL,	94,	3,	'বালিয়াডাংগী',	8,	NULL,	'B4352',	0,	0),
(633,	'HARIPUR',	NULL,	94,	3,	'হরিপুর',	51,	NULL,	'H616',	0,	0),
(634,	'PIRGANJ',	NULL,	94,	3,	'পীরগঞ্জ',	82,	NULL,	'P6252',	0,	0),
(635,	'RANISANKAIL',	NULL,	94,	3,	'রানীশংকাইল',	86,	NULL,	'R52524',	0,	0),
(636,	'THAKURGAON SADAR',	NULL,	94,	3,	'ঠাকুরগাঁও সদর',	94,	NULL,	'T2625236',	0,	0),
(638,	'Wari',	NULL,	26,	3,	'ওয়ারী',	NULL,	NULL,	'W600',	0,	0),
(640,	'Sher-e-Bangla Nagor ',	NULL,	26,	3,	'শেরেই-বাংলা নগর',	NULL,	NULL,	'S61524526',	0,	0),
(644,	'Darusalam',	NULL,	26,	3,	'দারুস সালাম',	NULL,	NULL,	'D6245',	0,	0),
(646,	'Osmani Nagar',	NULL,	91,	3,	'ওসমানী নগর',	NULL,	NULL,	'O2526',	0,	0),
(650,	'shibganj',	NULL,	70,	3,	'শিবগঞ্জ',	NULL,	NULL,	'S1252',	0,	0),
(651,	'a',	'0022222',	NULL,	NULL,	NULL,	NULL,	NULL,	NULL,	0,	0),
(652,	'b',	'0000999',	NULL,	NULL,	NULL,	NULL,	NULL,	NULL,	0,	0);

DROP TABLE IF EXISTS `bd_district_lat_lng`;
CREATE TABLE `bd_district_lat_lng` (
  `id` tinyint(11) NOT NULL AUTO_INCREMENT,
  `name` varchar(30) CHARACTER SET utf8 NOT NULL,
  `lat` double NOT NULL,
  `lng` double NOT NULL,
  PRIMARY KEY (`id`)
) ENGINE=InnoDB AUTO_INCREMENT=65 DEFAULT CHARSET=latin1;

INSERT INTO `bd_district_lat_lng` (`id`, `name`, `lat`, `lng`) VALUES
(1,	'Dhaka',	23.810332,	90.4125181),
(2,	'Faridpur',	23.5423919,	89.6308921),
(3,	'Gazipur',	24.0958171,	90.4125181),
(4,	'Gopalganj',	26.4685472,	84.4433318),
(5,	'Jamalpur',	25.312717,	86.4906091),
(6,	'Kishoreganj',	24.4260457,	90.9820668),
(7,	'Madaripur',	23.2393346,	90.1869644),
(8,	'Manikganj',	23.8616512,	90.0003228),
(9,	'Munshiganj',	23.4980931,	90.4126621),
(10,	'Mymensingh',	24.7434484,	90.3983829),
(11,	'Narayanganj',	23.6226398,	90.4997973),
(12,	'Narsingdi',	24.134378,	90.7860057),
(13,	'Netrokona',	24.8103284,	90.8656415),
(14,	'Rajbari',	23.715134,	89.5874819),
(15,	'Shariatpur',	23.2423214,	90.4347711),
(16,	'Sherpur',	25.0746235,	90.1494904),
(17,	'Tangail',	24.244968,	89.9113052),
(18,	'Bogra',	24.8435589,	89.3701078),
(19,	'Joypurhat',	25.0947349,	89.0944937),
(20,	'Naogaon',	24.9131597,	88.7530952),
(21,	'Natore',	24.410243,	89.0076177),
(22,	'Nawabganj',	28.5405365,	79.6305599),
(23,	'Pabna',	24.0113256,	89.2562239),
(24,	'Rajshahi',	24.3635886,	88.6241351),
(25,	'Sirajgonj',	24.3141115,	89.5699615),
(26,	'Dinajpur',	25.6279123,	88.6331758),
(27,	'Gaibandha',	25.3296928,	89.5429652),
(28,	'Kurigram',	25.8072414,	89.6294746),
(29,	'Lalmonirhat',	25.9923398,	89.2847251),
(30,	'Nilphamari',	25.8482798,	88.9414134),
(31,	'Panchagarh',	26.2708705,	88.5951751),
(32,	'Rangpur',	25.7438916,	89.275227),
(33,	'Thakurgaon',	26.0418392,	88.4282616),
(34,	'Barguna',	22.0952915,	90.1120696),
(35,	'Barisal',	22.7029212,	90.3465971),
(36,	'Bhola',	22.1785315,	90.7101023),
(37,	'Jhalokati',	22.57208,	90.1869644),
(38,	'Patuakhali',	22.2248632,	90.4547503),
(39,	'Pirojpur',	22.5790744,	89.9759264),
(40,	'Bandarban',	21.8311002,	92.3686321),
(41,	'Brahmanbaria',	23.9608181,	91.1115014),
(42,	'Chandpur',	23.2513148,	90.8517846),
(43,	'Chittagong',	22.3475365,	91.8123324),
(44,	'Comilla',	23.46188,	91.186911),
(45,	'CoxBazar',	21.4394636,	92.0077316),
(46,	'Feni',	23.0159132,	91.3975831),
(47,	'Khagrachari',	23.1321751,	91.949021),
(48,	'Lakshmipur',	22.9446744,	90.8281907),
(49,	'Noakhali',	22.8723789,	91.0973184),
(50,	'Rangamati',	22.7324173,	92.2985134),
(51,	'Habiganj',	24.4771236,	91.4506565),
(52,	'Maulvibazar',	24.3095344,	91.7314903),
(53,	'Sunamganj',	25.0714535,	91.3991627),
(54,	'Sylhet',	24.904539,	91.8611011),
(55,	'Bagerhat',	22.6602436,	89.7895478),
(56,	'Chuadanga',	23.6160512,	88.8263006),
(57,	'Jessore',	23.1634014,	89.2181664),
(58,	'Jhenaidah',	23.5449873,	89.1726031),
(59,	'Khulna',	22.845641,	89.5403279),
(60,	'Kushtia',	23.8906995,	89.1099368),
(61,	'Magura',	23.4854655,	89.4198305),
(62,	'Meherpur',	23.8051991,	88.6723578),
(63,	'Narail',	23.1656982,	89.4990219),
(64,	'Satkhira',	22.3154812,	89.1114525);

DROP TABLE IF EXISTS `company_info`;
CREATE TABLE `company_info` (
  `id` int(11) NOT NULL AUTO_INCREMENT,
  `company_name` varchar(200) DEFAULT NULL,
  `division` int(11) NOT NULL DEFAULT '0',
  `district` int(11) NOT NULL DEFAULT '0',
  `thana` int(11) NOT NULL,
  `is_approved` int(11) NOT NULL DEFAULT '0',
  `is_rejected` enum('yes','no') DEFAULT 'no',
  `company_status` tinyint(4) NOT NULL,
  `is_archive` tinyint(4) NOT NULL DEFAULT '0',
  `created_by` int(11) DEFAULT NULL,
  `created_at` timestamp NOT NULL DEFAULT '0000-00-00 00:00:00',
  `updated_by` int(11) DEFAULT NULL,
  `updated_at` timestamp NOT NULL DEFAULT '0000-00-00 00:00:00',
  PRIMARY KEY (`id`),
  UNIQUE KEY `company_name` (`company_name`)
) ENGINE=InnoDB AUTO_INCREMENT=100 DEFAULT CHARSET=utf8;

INSERT INTO `company_info` (`id`, `company_name`, `division`, `district`, `thana`, `is_approved`, `is_rejected`, `company_status`, `is_archive`, `created_by`, `created_at`, `updated_by`, `updated_at`) VALUES
(81,	'Samad\'s Agency',	0,	0,	0,	1,	'no',	1,	0,	0,	'2017-10-10 07:35:25',	1,	'2017-10-10 07:37:22'),
(82,	'Test Business Automation Ltd',	0,	0,	0,	1,	'no',	1,	0,	0,	'2017-10-10 09:20:28',	1,	'2017-10-10 09:21:40'),
(83,	'abc',	0,	0,	0,	1,	'no',	1,	0,	1,	'2017-10-24 02:33:01',	1,	'2017-10-24 02:33:05'),
(84,	'Abcd',	0,	0,	0,	1,	'no',	1,	0,	1,	'2017-10-24 02:34:25',	1,	'2017-11-07 10:56:48'),
(85,	'rr',	0,	0,	0,	1,	'no',	1,	0,	1,	'2017-10-24 02:42:38',	1,	'2017-10-24 02:54:39'),
(86,	'Majbah Habib\'s Company Ltd.',	0,	0,	0,	1,	'no',	1,	0,	0,	'2017-11-08 06:12:23',	1,	'2017-11-08 06:14:19'),
(87,	'Business Automation Ltd.',	0,	0,	0,	1,	'no',	1,	0,	0,	'2017-11-08 23:03:19',	1,	'2017-11-08 23:08:12'),
(88,	'test company',	0,	0,	0,	1,	'no',	1,	0,	0,	'2018-01-03 01:50:27',	517,	'2018-01-03 01:57:12'),
(89,	'HKC  Company',	0,	0,	0,	1,	'no',	1,	0,	1,	'2018-03-15 00:58:37',	1,	'2018-03-15 01:01:23'),
(90,	'Star Conpany',	0,	0,	0,	1,	'no',	1,	0,	0,	'2018-04-05 03:44:21',	517,	'2018-04-05 03:52:37'),
(91,	'ZT solution',	0,	0,	0,	1,	'no',	1,	0,	0,	'2018-05-17 05:42:14',	1,	'2018-05-30 23:07:17'),
(92,	'AS Enterprise',	0,	0,	0,	1,	'no',	1,	0,	0,	'2018-05-22 03:44:53',	1,	'2018-05-22 03:46:29'),
(93,	'C Company',	0,	0,	0,	1,	'no',	1,	0,	534,	'2018-05-30 23:06:38',	1,	'2018-05-30 23:07:03'),
(94,	'SMR automation',	0,	0,	0,	1,	'no',	1,	0,	1,	'2018-05-31 00:26:16',	1,	'2018-07-06 23:16:28'),
(95,	'Company Name',	0,	0,	0,	0,	'no',	0,	0,	583,	'2018-06-06 02:43:54',	583,	'2018-06-06 02:43:54'),
(96,	'Business Automation Ltd mirpur office',	0,	0,	0,	0,	'no',	0,	0,	587,	'2018-07-03 04:45:49',	NULL,	'0000-00-00 00:00:00'),
(97,	'INFO SYS',	0,	0,	0,	1,	'no',	1,	0,	589,	'2018-07-06 23:05:33',	1,	'2018-07-06 23:50:31'),
(98,	'Hello',	0,	0,	0,	1,	'no',	1,	0,	591,	'2018-07-09 03:58:39',	1,	'2018-07-28 01:13:45'),
(99,	'Chowdhury Company',	14,	12,	149,	1,	'no',	1,	0,	1,	'2018-07-23 01:43:21',	1,	'2018-07-23 01:43:26');

DROP TABLE IF EXISTS `districts`;
CREATE TABLE `districts` (
  `id` int(2) unsigned NOT NULL AUTO_INCREMENT,
  `division_id` int(2) unsigned NOT NULL,
  `name` varchar(30) NOT NULL,
  `bn_name` varchar(50) NOT NULL,
  `lat` double NOT NULL,
  `lon` double NOT NULL,
  `website` varchar(100) NOT NULL,
  PRIMARY KEY (`id`),
  KEY `division_id` (`division_id`),
  CONSTRAINT `districts_ibfk_1` FOREIGN KEY (`division_id`) REFERENCES `divisions` (`id`) ON DELETE CASCADE ON UPDATE CASCADE
) ENGINE=InnoDB AUTO_INCREMENT=65 DEFAULT CHARSET=utf8;

INSERT INTO `districts` (`id`, `division_id`, `name`, `bn_name`, `lat`, `lon`, `website`) VALUES
(1,	3,	'Dhaka',	'ঢাকা',	23.7115253,	90.4111451,	'www.dhaka.gov.bd'),
(2,	3,	'Faridpur',	'ফরিদপুর',	23.6070822,	89.8429406,	'www.faridpur.gov.bd'),
(3,	3,	'Gazipur',	'গাজীপুর',	24.0022858,	90.4264283,	'www.gazipur.gov.bd'),
(4,	3,	'Gopalganj',	'গোপালগঞ্জ',	23.0050857,	89.8266059,	'www.gopalganj.gov.bd'),
(5,	3,	'Jamalpur',	'জামালপুর',	24.937533,	89.937775,	'www.jamalpur.gov.bd'),
(6,	3,	'Kishoreganj',	'কিশোরগঞ্জ',	24.444937,	90.776575,	'www.kishoreganj.gov.bd'),
(7,	3,	'Madaripur',	'মাদারীপুর',	23.164102,	90.1896805,	'www.madaripur.gov.bd'),
(8,	3,	'Manikganj',	'মানিকগঞ্জ',	0,	0,	'www.manikganj.gov.bd'),
(9,	3,	'Munshiganj',	'মুন্সিগঞ্জ',	0,	0,	'www.munshiganj.gov.bd'),
(10,	3,	'Mymensingh',	'ময়মনসিং',	0,	0,	'www.mymensingh.gov.bd'),
(11,	3,	'Narayanganj',	'নারায়াণগঞ্জ',	23.63366,	90.496482,	'www.narayanganj.gov.bd'),
(12,	3,	'Narsingdi',	'নরসিংদী',	23.932233,	90.71541,	'www.narsingdi.gov.bd'),
(13,	3,	'Netrokona',	'নেত্রকোনা',	24.870955,	90.727887,	'www.netrokona.gov.bd'),
(14,	3,	'Rajbari',	'রাজবাড়ি',	23.7574305,	89.6444665,	'www.rajbari.gov.bd'),
(15,	3,	'Shariatpur',	'শরীয়তপুর',	0,	0,	'www.shariatpur.gov.bd'),
(16,	3,	'Sherpur',	'শেরপুর',	25.0204933,	90.0152966,	'www.sherpur.gov.bd'),
(17,	3,	'Tangail',	'টাঙ্গাইল',	0,	0,	'www.tangail.gov.bd'),
(18,	5,	'Bogra',	'বগুড়া',	24.8465228,	89.377755,	'www.bogra.gov.bd'),
(19,	5,	'Joypurhat',	'জয়পুরহাট',	0,	0,	'www.joypurhat.gov.bd'),
(20,	5,	'Naogaon',	'নওগাঁ',	0,	0,	'www.naogaon.gov.bd'),
(21,	5,	'Natore',	'নাটোর',	24.420556,	89.000282,	'www.natore.gov.bd'),
(22,	5,	'Nawabganj',	'নবাবগঞ্জ',	24.5965034,	88.2775122,	'www.chapainawabganj.gov.bd'),
(23,	5,	'Pabna',	'পাবনা',	23.998524,	89.233645,	'www.pabna.gov.bd'),
(24,	5,	'Rajshahi',	'রাজশাহী',	0,	0,	'www.rajshahi.gov.bd'),
(25,	5,	'Sirajgonj',	'সিরাজগঞ্জ',	24.4533978,	89.7006815,	'www.sirajganj.gov.bd'),
(26,	6,	'Dinajpur',	'দিনাজপুর',	25.6217061,	88.6354504,	'www.dinajpur.gov.bd'),
(27,	6,	'Gaibandha',	'গাইবান্ধা',	25.328751,	89.528088,	'www.gaibandha.gov.bd'),
(28,	6,	'Kurigram',	'কুড়িগ্রাম',	25.805445,	89.636174,	'www.kurigram.gov.bd'),
(29,	6,	'Lalmonirhat',	'লালমনিরহাট',	0,	0,	'www.lalmonirhat.gov.bd'),
(30,	6,	'Nilphamari',	'নীলফামারী',	25.931794,	88.856006,	'www.nilphamari.gov.bd'),
(31,	6,	'Panchagarh',	'পঞ্চগড়',	26.3411,	88.5541606,	'www.panchagarh.gov.bd'),
(32,	6,	'Rangpur',	'রংপুর',	25.7558096,	89.244462,	'www.rangpur.gov.bd'),
(33,	6,	'Thakurgaon',	'ঠাকুরগাঁও',	26.0336945,	88.4616834,	'www.thakurgaon.gov.bd'),
(34,	1,	'Barguna',	'বরগুনা',	0,	0,	'www.barguna.gov.bd'),
(35,	1,	'Barisal',	'বরিশাল',	0,	0,	'www.barisal.gov.bd'),
(36,	1,	'Bhola',	'ভোলা',	22.685923,	90.648179,	'www.bhola.gov.bd'),
(37,	1,	'Jhalokati',	'ঝালকাঠি',	0,	0,	'www.jhalakathi.gov.bd'),
(38,	1,	'Patuakhali',	'পটুয়াখালী',	22.3596316,	90.3298712,	'www.patuakhali.gov.bd'),
(39,	1,	'Pirojpur',	'পিরোজপুর',	0,	0,	'www.pirojpur.gov.bd'),
(40,	2,	'Bandarban',	'বান্দরবান',	22.1953275,	92.2183773,	'www.bandarban.gov.bd'),
(41,	2,	'Brahmanbaria',	'ব্রাহ্মণবাড়িয়া',	23.9570904,	91.1119286,	'www.brahmanbaria.gov.bd'),
(42,	2,	'Chandpur',	'চাঁদপুর',	23.2332585,	90.6712912,	'www.chandpur.gov.bd'),
(43,	2,	'Chittagong',	'চট্টগ্রাম',	22.335109,	91.834073,	'www.chittagong.gov.bd'),
(44,	2,	'Comilla',	'কুমিল্লা',	23.4682747,	91.1788135,	'www.comilla.gov.bd'),
(45,	2,	'Cox\'s Bazar',	'কক্স বাজার',	0,	0,	'www.coxsbazar.gov.bd'),
(46,	2,	'Feni',	'ফেনী',	23.023231,	91.3840844,	'www.feni.gov.bd'),
(47,	2,	'Khagrachari',	'খাগড়াছড়ি',	23.119285,	91.984663,	'www.khagrachhari.gov.bd'),
(48,	2,	'Lakshmipur',	'লক্ষ্মীপুর',	22.942477,	90.841184,	'www.lakshmipur.gov.bd'),
(49,	2,	'Noakhali',	'নোয়াখালী',	22.869563,	91.099398,	'www.noakhali.gov.bd'),
(50,	2,	'Rangamati',	'রাঙ্গামাটি',	0,	0,	'www.rangamati.gov.bd'),
(51,	7,	'Habiganj',	'হবিগঞ্জ',	24.374945,	91.41553,	'www.habiganj.gov.bd'),
(52,	7,	'Maulvibazar',	'মৌলভীবাজার',	24.482934,	91.777417,	'www.moulvibazar.gov.bd'),
(53,	7,	'Sunamganj',	'সুনামগঞ্জ',	25.0658042,	91.3950115,	'www.sunamganj.gov.bd'),
(54,	7,	'Sylhet',	'সিলেট',	24.8897956,	91.8697894,	'www.sylhet.gov.bd'),
(55,	4,	'Bagerhat',	'বাগেরহাট',	22.651568,	89.785938,	'www.bagerhat.gov.bd'),
(56,	4,	'Chuadanga',	'চুয়াডাঙ্গা',	23.6401961,	88.841841,	'www.chuadanga.gov.bd'),
(57,	4,	'Jessore',	'যশোর',	23.16643,	89.2081126,	'www.jessore.gov.bd'),
(58,	4,	'Jhenaidah',	'ঝিনাইদহ',	23.5448176,	89.1539213,	'www.jhenaidah.gov.bd'),
(59,	4,	'Khulna',	'খুলনা',	22.815774,	89.568679,	'www.khulna.gov.bd'),
(60,	4,	'Kushtia',	'কুষ্টিয়া',	23.901258,	89.120482,	'www.kushtia.gov.bd'),
(61,	4,	'Magura',	'মাগুরা',	23.487337,	89.419956,	'www.magura.gov.bd'),
(62,	4,	'Meherpur',	'মেহেরপুর',	23.762213,	88.631821,	'www.meherpur.gov.bd'),
(63,	4,	'Narail',	'নড়াইল',	23.172534,	89.512672,	'www.narail.gov.bd'),
(64,	4,	'Satkhira',	'সাতক্ষীরা',	0,	0,	'www.satkhira.gov.bd');

DROP TABLE IF EXISTS `divisions`;
CREATE TABLE `divisions` (
  `id` int(2) unsigned NOT NULL AUTO_INCREMENT,
  `name` varchar(30) NOT NULL,
  `bn_name` varchar(50) NOT NULL,
  PRIMARY KEY (`id`)
) ENGINE=InnoDB AUTO_INCREMENT=8 DEFAULT CHARSET=utf8;

INSERT INTO `divisions` (`id`, `name`, `bn_name`) VALUES
(1,	'Barisal',	'বরিশাল'),
(2,	'Chittagong',	'চট্টগ্রাম'),
(3,	'Dhaka',	'ঢাকা'),
(4,	'Khulna',	'খুলনা'),
(5,	'Rajshahi',	'রাজশাহী'),
(6,	'Rangpur',	'রংপুর'),
(7,	'Sylhet',	'সিলেট');

DROP TABLE IF EXISTS `email_queue`;
CREATE TABLE `email_queue` (
  `id` int(11) NOT NULL AUTO_INCREMENT,
  `app_id` int(11) NOT NULL DEFAULT '0',
  `process_type_id` int(11) NOT NULL DEFAULT '0',
  `email_content` longtext NOT NULL,
  `email_to` longtext NOT NULL,
  `sms_content` longtext NOT NULL,
  `sms_to` longtext NOT NULL,
  `email_cc` longtext NOT NULL,
  `email_subject` longtext NOT NULL,
  `attachment` varchar(200) NOT NULL,
  `secret_key` varchar(200) NOT NULL,
  `pdf_type` varchar(10) NOT NULL,
  `email_status` tinyint(2) NOT NULL DEFAULT '0',
  `sms_status` tinyint(2) NOT NULL DEFAULT '0',
  `no_of_try` int(11) NOT NULL DEFAULT '0',
  `created_at` datetime NOT NULL,
  `updated_at` datetime NOT NULL,
  PRIMARY KEY (`id`)
) ENGINE=InnoDB AUTO_INCREMENT=252 DEFAULT CHARSET=utf8;

INSERT INTO `email_queue` (`id`, `app_id`, `process_type_id`, `email_content`, `email_to`, `sms_content`, `sms_to`, `email_cc`, `email_subject`, `attachment`, `secret_key`, `pdf_type`, `email_status`, `sms_status`, `no_of_try`, `created_at`, `updated_at`) VALUES
(246,	0,	0,	'          <!DOCTYPE html PUBLIC \"-//W3C//DTD XHTML 1.0 Transitional//EN\" \"http://www.w3.org/TR/xhtml1/DTD/xhtml1-transitional.dtd\">\n<html xmlns=\"http://www.w3.org/1999/xhtml\">\n<head>\n    <title>Bangladesh Hi-Tech Park Authority (BHTPA)</title>\n    <link href=\'https://fonts.googleapis.com/css?family=Vollkorn\' rel=\'stylesheet\' type=\'text/css\'>\n    <style type=\"text/css\">\n        *{\n            font-family: Vollkorn;\n        }\n    </style>\n</head>\n\n\n<body>\n<table width=\"80%\" style=\"background-color:#D2E0E8;margin:0 auto; height:50px; border-radius: 4px;font-size: 15px\">\n    <thead>\n    <tr>\n        <td style=\"padding: 10px; border-bottom: 1px solid rgba(0, 102, 255, 0.21);\">\n            \n            <h4 style=\"text-align:center\">\n                Bangladesh Hi-Tech Park Authority (BHTPA)\n            </h4>\n        </td>\n    </tr>\n    </thead>\n    <tbody>\n    <tr>\n        <td style=\"margin-top: 20px; padding: 15px;\">\n            <!--Dear Applicant,-->\n            Dear User,\n            <br/><br/>\n          Thank you for requesting to open an account in our system.<br/>\r\n                              Click the following link to verify your email account.\r\n                            <br/><a href=\'http://localhost:8000/signup/verification/_cn5JiUIzBWXj-wDEBa3PgtH7fCW3NGmco7yZst8-RqTkYjBXo9KBv_FYGp3L94Qmd10iKa9FAMghRMX6uzXelyq-yyQ5ENnzzwKBZoAitshxJDqPTvqkAXROBKiyrqF\'>Verify the e-mail address you have provided earlier</a>\n\n            <br/><br/>\n        </td>\n    </tr>\n    <tr style=\"margin-top: 15px;\">\n        <td style=\"padding: 1px; border-top: 1px solid rgba(0, 102, 255, 0.21);\">\n            <h5 style=\"text-align:center\">All right reserved by Bangladesh Hi-Tech Park Authority (BHTPA) 2018.</h5>\n        </td>\n    </tr>\n    </tbody>\n</table>\n</body>\n</html>',	'hasibkamal.cse@gmail.com',	'',	'',	'samadocpl@batworld.com',	'Verify the e-mail address you have provided earlier',	'',	'',	'',	0,	0,	0,	'2018-07-29 11:09:18',	'2018-07-29 11:09:18'),
(247,	0,	0,	'          <!DOCTYPE html PUBLIC \"-//W3C//DTD XHTML 1.0 Transitional//EN\" \"http://www.w3.org/TR/xhtml1/DTD/xhtml1-transitional.dtd\">\n<html xmlns=\"http://www.w3.org/1999/xhtml\">\n<head>\n    <title>Bangladesh Hi-Tech Park Authority (BHTPA)</title>\n    <link href=\'https://fonts.googleapis.com/css?family=Vollkorn\' rel=\'stylesheet\' type=\'text/css\'>\n    <style type=\"text/css\">\n        *{\n            font-family: Vollkorn;\n        }\n    </style>\n</head>\n\n\n<body>\n<table width=\"80%\" style=\"background-color:#D2E0E8;margin:0 auto; height:50px; border-radius: 4px;font-size: 15px\">\n    <thead>\n    <tr>\n        <td style=\"padding: 10px; border-bottom: 1px solid rgba(0, 102, 255, 0.21);\">\n            \n            <h4 style=\"text-align:center\">\n                Bangladesh Hi-Tech Park Authority (BHTPA)\n            </h4>\n        </td>\n    </tr>\n    </thead>\n    <tbody>\n    <tr>\n        <td style=\"margin-top: 20px; padding: 15px;\">\n            <!--Dear Applicant,-->\n            Dear User,\n            <br/><br/>\n          <span style=\'color: #1164f3\'>Your account password :<strong><code>Ra36uth0Um</code></strong></span><br/>This is a secret password generated by the system.But to ensure your own security and convenience, you should change the password after logging in.<br/><br/><br/>Thanks, <br/>Bangladesh Hi-Tech Park Authority (BHTPA)\n\n            <br/><br/>\n        </td>\n    </tr>\n    <tr style=\"margin-top: 15px;\">\n        <td style=\"padding: 1px; border-top: 1px solid rgba(0, 102, 255, 0.21);\">\n            <h5 style=\"text-align:center\">All right reserved by Bangladesh Hi-Tech Park Authority (BHTPA) 2018.</h5>\n        </td>\n    </tr>\n    </tbody>\n</table>\n</body>\n</html>',	'hasibkamal.cse@gmail.com',	'',	'',	'samadocpl@batworld.com',	'Account Access Information',	'',	'',	'',	0,	0,	0,	'2018-07-29 11:10:27',	'2018-07-29 11:10:27'),
(248,	0,	0,	'          <!DOCTYPE html PUBLIC \"-//W3C//DTD XHTML 1.0 Transitional//EN\" \"http://www.w3.org/TR/xhtml1/DTD/xhtml1-transitional.dtd\">\n<html xmlns=\"http://www.w3.org/1999/xhtml\">\n<head>\n    <title>Bangladesh Hi-Tech Park Authority (BHTPA)</title>\n    <link href=\'https://fonts.googleapis.com/css?family=Vollkorn\' rel=\'stylesheet\' type=\'text/css\'>\n    <style type=\"text/css\">\n        *{\n            font-family: Vollkorn;\n        }\n    </style>\n</head>\n\n\n<body>\n<table width=\"80%\" style=\"background-color:#D2E0E8;margin:0 auto; height:50px; border-radius: 4px;font-size: 15px\">\n    <thead>\n    <tr>\n        <td style=\"padding: 10px; border-bottom: 1px solid rgba(0, 102, 255, 0.21);\">\n            \n            <h4 style=\"text-align:center\">\n                Bangladesh Hi-Tech Park Authority (BHTPA)\n            </h4>\n        </td>\n    </tr>\n    </thead>\n    <tbody>\n    <tr>\n        <td style=\"margin-top: 20px; padding: 15px;\">\n            <!--Dear Applicant,-->\n            Dear User,\n            <br/><br/>\n          Reject reason কারণবশতঃ আপনার অ্যাকাউন্টটি বাতিল করা হয়েছে। <br/><br/>ধন্যবাদ। <br/>\n\n            <br/><br/>\n        </td>\n    </tr>\n    <tr style=\"margin-top: 15px;\">\n        <td style=\"padding: 1px; border-top: 1px solid rgba(0, 102, 255, 0.21);\">\n            <h5 style=\"text-align:center\">All right reserved by Bangladesh Hi-Tech Park Authority (BHTPA) 2018.</h5>\n        </td>\n    </tr>\n    </tbody>\n</table>\n</body>\n</html>',	'hasibkamal.cse@gmail.com',	'',	'',	'samadocpl@batworld.com',	'Account Verification',	'',	'',	'',	0,	0,	0,	'2018-07-29 11:12:18',	'2018-07-29 11:12:18'),
(249,	0,	0,	'          <!DOCTYPE html PUBLIC \"-//W3C//DTD XHTML 1.0 Transitional//EN\" \"http://www.w3.org/TR/xhtml1/DTD/xhtml1-transitional.dtd\">\n<html xmlns=\"http://www.w3.org/1999/xhtml\">\n<head>\n    <title>Bangladesh Hi-Tech Park Authority (BHTPA)</title>\n    <link href=\'https://fonts.googleapis.com/css?family=Vollkorn\' rel=\'stylesheet\' type=\'text/css\'>\n    <style type=\"text/css\">\n        *{\n            font-family: Vollkorn;\n        }\n    </style>\n</head>\n\n\n<body>\n<table width=\"80%\" style=\"background-color:#D2E0E8;margin:0 auto; height:50px; border-radius: 4px;font-size: 15px\">\n    <thead>\n    <tr>\n        <td style=\"padding: 10px; border-bottom: 1px solid rgba(0, 102, 255, 0.21);\">\n            \n            <h4 style=\"text-align:center\">\n                Bangladesh Hi-Tech Park Authority (BHTPA)\n            </h4>\n        </td>\n    </tr>\n    </thead>\n    <tbody>\n    <tr>\n        <td style=\"margin-top: 20px; padding: 15px;\">\n            <!--Dear Applicant,-->\n            Dear User,\n            <br/><br/>\n          Thanks for submitting your application we will provide feedback soon\n                            (within about 10 days) <br/><br/><br/><br/>\n                            <span style=\'float:right; padding-right:50px;\'><p style=\'text-align: center\'>Thanks <br/> HTPA</p></span>\n                            <br/>\n\n            <br/><br/>\n        </td>\n    </tr>\n    <tr style=\"margin-top: 15px;\">\n        <td style=\"padding: 1px; border-top: 1px solid rgba(0, 102, 255, 0.21);\">\n            <h5 style=\"text-align:center\">All right reserved by Bangladesh Hi-Tech Park Authority (BHTPA) 2018.</h5>\n        </td>\n    </tr>\n    </tbody>\n</table>\n</body>\n</html>',	'ui1@batworld.com',	'',	'',	'samadocpl@batworld.com',	'Bangladesh Hi-Tech Park Authority (BHTPA)',	'',	'',	'',	0,	0,	0,	'2018-07-31 10:57:35',	'2018-07-31 10:57:35'),
(250,	45,	3,	'          <!DOCTYPE html PUBLIC \"-//W3C//DTD XHTML 1.0 Transitional//EN\" \"http://www.w3.org/TR/xhtml1/DTD/xhtml1-transitional.dtd\">\n<html xmlns=\"http://www.w3.org/1999/xhtml\">\n<head>\n    <title>Bangladesh Hi-Tech Park Authority (BHTPA)</title>\n    <link href=\'https://fonts.googleapis.com/css?family=Vollkorn\' rel=\'stylesheet\' type=\'text/css\'>\n    <style type=\"text/css\">\n        *{\n            font-family: Vollkorn;\n        }\n    </style>\n</head>\n\n\n<body>\n<table width=\"80%\" style=\"background-color:#D2E0E8;margin:0 auto; height:50px; border-radius: 4px;font-size: 15px\">\n    <thead>\n    <tr>\n        <td style=\"padding: 10px; border-bottom: 1px solid rgba(0, 102, 255, 0.21);\">\n            \n            <h4 style=\"text-align:center\">\n                Bangladesh Hi-Tech Park Authority (BHTPA)\n            </h4>\n        </td>\n    </tr>\n    </thead>\n    <tbody>\n    <tr>\n        <td style=\"margin-top: 20px; padding: 15px;\">\n            <!--Dear Applicant,-->\n            Dear User,\n            <br/><br/>\n          Pin Number for application process: <strong><code>5696</code></strong>\n\n            <br/><br/>\n        </td>\n    </tr>\n    <tr style=\"margin-top: 15px;\">\n        <td style=\"padding: 1px; border-top: 1px solid rgba(0, 102, 255, 0.21);\">\n            <h5 style=\"text-align:center\">All right reserved by Bangladesh Hi-Tech Park Authority (BHTPA) 2018.</h5>\n        </td>\n    </tr>\n    </tbody>\n</table>\n</body>\n</html>',	'rd4@batworld.com',	'Pin Number for application process:5696',	'+8801856228493',	'samadocpl@batworld.com',	'Application Approve Pin',	'',	'',	'',	0,	0,	0,	'2018-07-31 11:07:25',	'2018-07-31 11:07:25'),
(251,	45,	3,	'<!DOCTYPE html PUBLIC \"-//W3C//DTD XHTML 1.0 Transitional//EN\" \"http://www.w3.org/TR/xhtml1/DTD/xhtml1-transitional.dtd\">\n<html xmlns=\"http://www.w3.org/1999/xhtml\">\n<head>\n    <title>Bangladesh Hi-Tech Park Authority (BHTPA)</title>\n    <link href=\'https://fonts.googleapis.com/css?family=Vollkorn\' rel=\'stylesheet\' type=\'text/css\'>\n    <style type=\"text/css\">\n        *{\n            font-family: Vollkorn;\n        }\n    </style>\n</head>\n\n\n<body>\n<table width=\"80%\" style=\"background-color:#D2E0E8;margin:0 auto; height:50px; border-radius: 4px;font-size: 14px\">\n    <thead>\n    <tr>\n        <td style=\"padding: 10px; border-bottom: 1px solid rgba(0, 102, 255, 0.21);\">\n            <img style=\"margin-left: auto; margin-right: auto; display: block;\" src=\"http://localhost:8000/assets/images/govt_logo.png\" width=\"80px\"\n                 alt=\"Bangladesh Hi-Tech Park Authority (BHTPA)\"/>\n            <h4 style=\"text-align:center\">\n                Bangladesh Hi-Tech Park Authority\n            </h4>\n        </td>\n    </tr>\n    </thead>\n    <tbody>\n    <tr>\n        <td style=\"margin-top: 20px; padding: 15px;\">\n            <!--Dear Applicant,-->\n            Dear User,\n            <br/><br/>\n                We would like to inform you that the application for <b>Project Registration</b> has been approved.</br></br> Validity of this application for taking other services is  : <b>30 days</b><br/><br/><br/><br/>\nPlease log in to the system and take appropriate steps.<br/><br/>If you have any questions you may contact with System Admin and mention your application Tracking No.\n<br/><br/> Best Regards,<br/><br/><b>Bangladesh High-Tech Park Authority</b><br/>ICT Tower (10th Floor),<br/>\nE-14 / X, Agargaon, Dhaka-1207<br/>www.bhtpa.gov.bd\n\n            <br/><br/>\n        </td>\n    </tr>\n    <tr style=\"margin-top: 15px;\">\n        <td style=\"padding: 1px; border-top: 1px solid rgba(0, 102, 255, 0.21);\">\n            <h5 style=\"text-align:center\">All right reserved by Bangladesh Hi-Tech Park Authority (BHTPA) 2018.</h5>\n        </td>\n    </tr>\n    </tbody>\n</table>\n</body>\n</html>',	'ui1@batworld.com',	'Your Project Registration application has been approved. Please check your email.',	'+8801832782581',	'samadocpl@gmail.com',	'Application for Project Registration',	'',	'',	'',	0,	0,	0,	'2018-07-31 11:07:50',	'2018-07-31 11:07:50');

DROP TABLE IF EXISTS `Employee`;
CREATE TABLE `Employee` (
  `id` int(11) NOT NULL AUTO_INCREMENT,
  `First_name` varchar(50) DEFAULT NULL,
  `Last_name` varchar(50) DEFAULT NULL,
  `TK` varchar(255) DEFAULT NULL,
  `Joining_date` datetime NOT NULL,
  `Department` varchar(50) DEFAULT NULL,
  PRIMARY KEY (`id`)
) ENGINE=InnoDB AUTO_INCREMENT=7 DEFAULT CHARSET=latin1;

INSERT INTO `Employee` (`id`, `First_name`, `Last_name`, `TK`, `Joining_date`, `Department`) VALUES
(1,	'John',	'Abraham',	'1000000',	'2013-01-01 12:00:00',	'Banking'),
(2,	'Michael',	'Clarke',	'800000',	'2013-01-01 12:00:00',	'Insurance'),
(3,	'Roy',	'Thomas',	'7000000',	'2013-02-01 12:00:00',	'Banking'),
(4,	'Tom',	'Jose',	'600000',	'2013-02-01 12:00:00',	'Insurance'),
(5,	'Jerry',	'Pnito',	'650000',	'2013-02-01 12:00:00',	'Insurance'),
(6,	'Philip',	'Mathew',	'750000',	'2013-01-01 12:00:00',	'services');

DROP TABLE IF EXISTS `jakat-transaction`;
CREATE TABLE `jakat-transaction` (
  `id` int(11) NOT NULL AUTO_INCREMENT,
  `emp_id` int(11) NOT NULL DEFAULT '0',
  `month_id` int(11) NOT NULL DEFAULT '0',
  `amount` int(11) NOT NULL DEFAULT '0',
  PRIMARY KEY (`id`)
) ENGINE=InnoDB AUTO_INCREMENT=7 DEFAULT CHARSET=latin1;

INSERT INTO `jakat-transaction` (`id`, `emp_id`, `month_id`, `amount`) VALUES
(1,	1,	1,	5000),
(2,	2,	2,	2000),
(3,	4,	2,	3000),
(4,	5,	5,	5000),
(5,	3,	2,	2000),
(6,	3,	3,	2500);

DROP TABLE IF EXISTS `mytable`;
CREATE TABLE `mytable` (
  `id` int(4) NOT NULL DEFAULT '0',
  `name` varchar(40) NOT NULL DEFAULT '0',
  `email` varchar(40) NOT NULL DEFAULT ''
) ENGINE=InnoDB DEFAULT CHARSET=latin1;

INSERT INTO `mytable` (`id`, `name`, `email`) VALUES
(0,	'Hasib',	'hasib@gmail.com');

DROP TABLE IF EXISTS `salary-transaction`;
CREATE TABLE `salary-transaction` (
  `id` int(11) NOT NULL AUTO_INCREMENT,
  `emp_id` int(11) NOT NULL DEFAULT '0',
  `month_id` int(11) NOT NULL DEFAULT '0',
  `salary` int(11) NOT NULL DEFAULT '0',
  PRIMARY KEY (`id`)
) ENGINE=InnoDB AUTO_INCREMENT=5 DEFAULT CHARSET=latin1;

INSERT INTO `salary-transaction` (`id`, `emp_id`, `month_id`, `salary`) VALUES
(1,	1,	1,	25000),
(2,	1,	2,	28000),
(3,	2,	1,	15000),
(4,	3,	2,	12000);

DROP TABLE IF EXISTS `users`;
CREATE TABLE `users` (
  `id` int(11) NOT NULL AUTO_INCREMENT,
  `user_type` varchar(20) COLLATE utf8_unicode_ci NOT NULL,
  `user_sub_type` int(11) DEFAULT '0',
  `company_ids` varchar(255) COLLATE utf8_unicode_ci DEFAULT '0',
  `park_id` varchar(100) CHARACTER SET utf8 NOT NULL DEFAULT '0',
  `agency_id` int(11) NOT NULL,
  `desk_id` varchar(100) CHARACTER SET utf8 NOT NULL DEFAULT '0',
  `social_login` tinyint(2) NOT NULL DEFAULT '0',
  `user_full_name` varchar(50) COLLATE utf8_unicode_ci NOT NULL,
  `designation` varchar(50) COLLATE utf8_unicode_ci DEFAULT NULL,
  `user_email` varchar(100) COLLATE utf8_unicode_ci NOT NULL,
  `password` varchar(120) COLLATE utf8_unicode_ci NOT NULL,
  `delegate_to_user_id` int(11) DEFAULT NULL,
  `delegate_by_user_id` int(11) DEFAULT NULL,
  `user_hash` text COLLATE utf8_unicode_ci NOT NULL,
  `user_status` enum('active','inactive','rejected') CHARACTER SET utf8 NOT NULL,
  `user_verification` enum('yes','no') COLLATE utf8_unicode_ci NOT NULL DEFAULT 'no',
  `pin_number` varchar(200) COLLATE utf8_unicode_ci DEFAULT NULL,
  `user_pic` text COLLATE utf8_unicode_ci NOT NULL,
  `user_nid` varchar(32) COLLATE utf8_unicode_ci DEFAULT NULL,
  `user_DOB` date NOT NULL,
  `user_gender` enum('Male','Female','Not defined') COLLATE utf8_unicode_ci NOT NULL DEFAULT 'Not defined',
  `user_phone` varchar(20) COLLATE utf8_unicode_ci DEFAULT NULL,
  `authorization_file` varchar(70) COLLATE utf8_unicode_ci NOT NULL,
  `passport_nid_file` varchar(70) COLLATE utf8_unicode_ci DEFAULT NULL,
  `signature` varchar(250) COLLATE utf8_unicode_ci NOT NULL,
  `user_first_login` timestamp NOT NULL DEFAULT '0000-00-00 00:00:00',
  `user_language` varchar(10) COLLATE utf8_unicode_ci NOT NULL DEFAULT 'bn',
  `security_profile_id` int(11) NOT NULL DEFAULT '0',
  `details` text COLLATE utf8_unicode_ci NOT NULL,
  `division` int(11) NOT NULL,
  `district` int(11) NOT NULL DEFAULT '0',
  `thana` int(11) NOT NULL DEFAULT '0',
  `country` varchar(20) COLLATE utf8_unicode_ci NOT NULL,
  `nationality` varchar(20) COLLATE utf8_unicode_ci NOT NULL,
  `passport_no` varchar(20) COLLATE utf8_unicode_ci DEFAULT NULL,
  `state` varchar(40) COLLATE utf8_unicode_ci DEFAULT NULL,
  `province` varchar(40) COLLATE utf8_unicode_ci DEFAULT NULL,
  `road_no` varchar(64) COLLATE utf8_unicode_ci NOT NULL COMMENT 'address line 1',
  `house_no` varchar(64) COLLATE utf8_unicode_ci NOT NULL COMMENT 'address line 2',
  `post_code` varchar(20) COLLATE utf8_unicode_ci NOT NULL,
  `user_fax` varchar(40) COLLATE utf8_unicode_ci NOT NULL,
  `remember_token` varchar(100) COLLATE utf8_unicode_ci NOT NULL,
  `login_token` varchar(255) COLLATE utf8_unicode_ci NOT NULL,
  `user_hash_expire_time` datetime NOT NULL,
  `auth_token_allow` int(11) NOT NULL DEFAULT '0',
  `auth_token` varchar(50) COLLATE utf8_unicode_ci NOT NULL,
  `user_agreement` tinyint(4) unsigned NOT NULL DEFAULT '0',
  `first_login` tinyint(4) NOT NULL DEFAULT '0',
  `otp_expire_time` datetime NOT NULL,
  `identity_type` tinyint(4) NOT NULL DEFAULT '0' COMMENT '1 = passport, 2 = NID',
  `user_status_comment` text COLLATE utf8_unicode_ci NOT NULL,
  `is_approved` tinyint(4) NOT NULL DEFAULT '0',
  `is_locked` tinyint(4) NOT NULL DEFAULT '0',
  `created_by` int(11) DEFAULT NULL,
  `created_at` timestamp NOT NULL DEFAULT CURRENT_TIMESTAMP ON UPDATE CURRENT_TIMESTAMP,
  `updated_at` timestamp NOT NULL DEFAULT '0000-00-00 00:00:00',
  `updated_by` int(11) NOT NULL,
  PRIMARY KEY (`id`),
  UNIQUE KEY `user_email` (`user_email`)
) ENGINE=InnoDB AUTO_INCREMENT=591 DEFAULT CHARSET=utf8 COLLATE=utf8_unicode_ci;

INSERT INTO `users` (`id`, `user_type`, `user_sub_type`, `company_ids`, `park_id`, `agency_id`, `desk_id`, `social_login`, `user_full_name`, `designation`, `user_email`, `password`, `delegate_to_user_id`, `delegate_by_user_id`, `user_hash`, `user_status`, `user_verification`, `pin_number`, `user_pic`, `user_nid`, `user_DOB`, `user_gender`, `user_phone`, `authorization_file`, `passport_nid_file`, `signature`, `user_first_login`, `user_language`, `security_profile_id`, `details`, `division`, `district`, `thana`, `country`, `nationality`, `passport_no`, `state`, `province`, `road_no`, `house_no`, `post_code`, `user_fax`, `remember_token`, `login_token`, `user_hash_expire_time`, `auth_token_allow`, `auth_token`, `user_agreement`, `first_login`, `otp_expire_time`, `identity_type`, `user_status_comment`, `is_approved`, `is_locked`, `created_by`, `created_at`, `updated_at`, `updated_by`) VALUES
(1,	'1x101',	0,	'0',	'0',	0,	'0',	0,	'System Admin',	'wwww',	'sysadmin1@batworld.com',	'$2y$10$.XB30GO4jn7bx7EauLrWkugIaCNGxiQCgrFTeFDeSSrGdQYd6Rneq',	NULL,	NULL,	'efcb98bce521bb799a40a6a28fa8c1d4e4acd75e8a8550b9ed9745a90384eb73',	'active',	'yes',	NULL,	'2018_5a8532257e0c83.37536483300x300x.jpg',	NULL,	'1988-02-05',	'Not defined',	'+8801856228493',	'5653f6065b6cemozilla.pdf',	NULL,	'2018_5a8532257b7443.52606819300x80x.png',	'2016-08-01 16:08:59',	'en',	1,	'heolloooooooo',	0,	30,	282,	'0',	'BD',	'989ss554455',	NULL,	NULL,	'sdfdsf',	'vvvvvvvvvvvv',	'',	'',	'lmO4bKiffiUiQaIrbAn2iFdUvCE5jDFxKhxNmKOwtlnaKijLxNA8h3fUpThq',	'',	'0000-00-00 00:00:00',	0,	'',	1,	1,	'0000-00-00 00:00:00',	0,	'',	1,	0,	0,	'2018-07-07 09:08:20',	'2018-07-07 01:45:52',	1),
(453,	'4x404',	NULL,	NULL,	'1,2,3,4,5,6',	0,	'1',	0,	'Regulatory Desk 1',	'yess',	'rd1@batworld.com',	'$2y$10$.XB30GO4jn7bx7EauLrWkugIaCNGxiQCgrFTeFDeSSrGdQYd6Rneq',	0,	0,	'_4wdvZqqfiyilDuDkl7wFj7tuNpR49t_ZnhVN7LXAV0Db9Yr7RdKqmFxb7DCcNXQwPj4-TW4acibHDSTqfw7ATpkUcpbcn55vBX4u7ZxKKeUJjkc9wWID59EX9OG9lqm',	'active',	'yes',	NULL,	'2018_5b03e1d4b07ad5.30486837flighttrack-5-300x300.png',	NULL,	'2017-09-06',	'Not defined',	'+8801856228493',	'',	NULL,	'2018_5b03e1d4b05fc5.41878914Dwight-Eisenhower.png',	'2017-09-05 23:19:32',	'bn',	0,	'',	0,	3,	104,	'AF',	'AF',	NULL,	'dfedf',	'sdfsdfdsf',	'zdxf',	'',	'',	'',	'35VetDDPSAi5dKyTGcgfOCRNIgRt8XQCgVR8MdgqWTOjqjnd81kY0da8fQW1',	'',	'0000-00-00 00:00:00',	0,	'',	1,	1,	'0000-00-00 00:00:00',	0,	'',	1,	0,	1,	'2018-07-07 09:08:25',	'2018-07-07 02:05:47',	453),
(455,	'4x404',	NULL,	NULL,	'1,2,3,4,5,6',	0,	'2',	0,	'Regulatory Desk 2',	'developer2',	'rd2@batworld.com',	'$2y$10$.XB30GO4jn7bx7EauLrWkugIaCNGxiQCgrFTeFDeSSrGdQYd6Rneq',	0,	0,	'_4wdvZqqfiyilDuDkl7wFj7tuNpR49t_ZnhVN7LXAV0Db9Yr7RdKqmFxb7DCcNXQwPj4-TW4acibHDSTqfw7ATpkUcpbcn55vBX4u7ZxKKeUJjkc9wWID59EX9OG9lqm',	'active',	'yes',	'MzE2Ny00NTU',	'2018_5b051e4a09bb43.60806378300x300x.jpg',	NULL,	'2017-09-06',	'Not defined',	'+8801856228493',	'',	NULL,	'2018_5b051e4a09a625.91031909300x80x.png',	'2017-09-05 23:19:32',	'bn',	0,	'',	0,	30,	280,	'AF',	'AF',	NULL,	'dfedf',	'sdfsdfdsf',	'zdxf',	'',	'',	'',	'6lwDqs75Z9MSjdjBQL4T8uwSAjW19yhPGoQHfYfeKjES7lDGuZGhTCZcvg4j',	'',	'0000-00-00 00:00:00',	0,	'',	1,	1,	'0000-00-00 00:00:00',	0,	'',	1,	0,	1,	'2018-07-07 09:08:25',	'2018-07-07 02:06:17',	455),
(463,	'4x404',	NULL,	NULL,	'1,2,3,4,5,6',	0,	'3',	0,	'Regulatory Desk 3',	'd',	'rd3@batworld.com',	'$2y$10$.XB30GO4jn7bx7EauLrWkugIaCNGxiQCgrFTeFDeSSrGdQYd6Rneq',	0,	0,	'_4wdvZqqfiyilDuDkl7wFj7tuNpR49t_ZnhVN7LXAV0Db9Yr7RdKqmFxb7DCcNXQwPj4-TW4acibHDSTqfw7ATpkUcpbcn55vBX4u7ZxKKeUJjkc9wWID59EX9OG9lqm',	'active',	'yes',	NULL,	'2018_5b051e68811705.00824288300x300x.jpg',	NULL,	'2017-09-06',	'Not defined',	'+8801856228493',	'',	NULL,	'2018_5b051e68810487.94819654300x80x.png',	'2017-09-05 23:19:32',	'bn',	0,	'',	0,	3,	105,	'AF',	'AF',	NULL,	'dfedf',	'sdfsdfdsf',	'zdxf',	'',	'',	'',	'YucnQOqkORx9BPCwqoKPejF64oYyZPNUhuUxpy15oYyG7w5UlGP0xrRBRVxn',	'',	'0000-00-00 00:00:00',	0,	'',	1,	1,	'0000-00-00 00:00:00',	0,	'',	1,	0,	1,	'2018-07-07 09:08:25',	'2018-07-07 02:08:25',	463),
(510,	'4x404',	NULL,	NULL,	'1,2,3,4,5,6',	0,	'4',	0,	'Regulatory Desk 4',	'Agency Admin',	'rd4@batworld.com',	'$2y$10$.XB30GO4jn7bx7EauLrWkugIaCNGxiQCgrFTeFDeSSrGdQYd6Rneq',	0,	0,	'_4wdvZqqfiyilDuDkl7wFj7tuNpR49t_ZnhVN7LXAV0Db9Yr7RdKqmFxb7DCcNXQwPj4-TW4acibHDSTqfw7ATpkUcpbcn55vBX4u7ZxKKeUJjkc9wWID59EX9OG9lqm',	'active',	'yes',	'lxcGBmAJv1n_DtjAYf_zyGg14rfP1bU1WhowznTvKxg',	'2018_5b03e2e0e0f7f1.97900398flighttrack-5-300x300.png',	NULL,	'2017-09-06',	'Not defined',	'+8801856228493',	'',	NULL,	'2018_5ac5f94f20cfd0.14346379Capture.PNG',	'2017-09-05 23:19:32',	'bn',	0,	'',	0,	3,	105,	'AF',	'AF',	NULL,	'dfedf',	'sdfsdfdsf',	'zdxf',	'',	'',	'',	'6jCNBy3JnuhMLJcG9ba4yme27QPVx991CWjK8lpf3yQAxF1AuOikUX7ey7Bu',	'd3iO_0hZgSivuHJA-PM4gxKRxoDbuWCUQgXGeNztoE1YuMUCnukJ-0KD3a4q8FUjAVuqZKxgWIHNeCIbnIEDgg',	'0000-00-00 00:00:00',	0,	'',	1,	1,	'0000-00-00 00:00:00',	0,	'',	1,	0,	1,	'2018-07-07 09:08:25',	'2018-07-07 02:08:46',	510),
(511,	'4x404',	NULL,	NULL,	'1,2,3,4,5,6',	0,	'5',	0,	'Regulatory Desk 5',	'RD user five',	'rd5@batworld.com',	'$2y$10$.XB30GO4jn7bx7EauLrWkugIaCNGxiQCgrFTeFDeSSrGdQYd6Rneq',	0,	0,	'_4wdvZqqfiyilDuDkl7wFj7tuNpR49t_ZnhVN7LXAV0Db9Yr7RdKqmFxb7DCcNXQwPj4-TW4acibHDSTqfw7ATpkUcpbcn55vBX4u7ZxKKeUJjkc9wWID59EX9OG9lqm',	'active',	'yes',	'nRv5S2WdzCUYL-P8WtzUxrcZ8Za0Xj93oaAzW0LD-0w',	'',	NULL,	'2017-09-06',	'Not defined',	'+8801856228493',	'',	NULL,	'2018_5ac5fa588430b0.17559280Dwight-Eisenhower.png',	'2017-09-05 23:19:32',	'bn',	0,	'',	0,	3,	105,	'AF',	'AF',	NULL,	'dfedf',	'sdfsdfdsf',	'zdxf',	'',	'',	'',	'q6fUjdpbCCrxg3Y2aMcBIQ1qojgv2hCJ6uFGUgo4qPLv5a3rxT5oPXo6xpvb',	'',	'0000-00-00 00:00:00',	0,	'',	1,	1,	'0000-00-00 00:00:00',	0,	'',	1,	0,	1,	'2018-07-07 09:08:25',	'2018-04-18 00:25:16',	511),
(517,	'1x101',	0,	'0',	'0',	0,	'0',	0,	'System Admin 2',	'wwww',	'sysadmin2@batworld.com',	'$2y$10$.XB30GO4jn7bx7EauLrWkugIaCNGxiQCgrFTeFDeSSrGdQYd6Rneq',	NULL,	NULL,	'efcb98bce521bb799a40a6a28fa8c1d4e4acd75e8a8550b9ed9745a90384eb73',	'active',	'yes',	NULL,	'2018_5a9a26e3dd2975.33516283flighttrack-5-300x300.png',	NULL,	'1988-02-05',	'Not defined',	'+8801856228493',	'5653f6065b6cemozilla.pdf',	NULL,	'2017_59b676d6ed68c2.30803664Web-Technology03.jpg',	'2016-08-01 16:08:59',	'en',	1,	'heolloooooooo',	0,	30,	282,	'0',	'BD',	'989ss554455',	NULL,	NULL,	'sdfdsf',	'vvvvvvvvvvvv',	'',	'',	'Y67f8ISVFDGMbBvAADr9zNau7FSU3Tl6bLBF7BgpsrNFeYFvAeBCn95dHXiN',	'xip0S-eVP9MH52UQppkzwIwFbjvw-XVqCTG9YrNN1Fzf1G2xswgaK0jkKNQOiBUE57oECJkSDa9PyJRwn-Vb6Q',	'0000-00-00 00:00:00',	0,	'',	1,	1,	'0000-00-00 00:00:00',	0,	'',	1,	0,	0,	'2018-07-07 09:08:20',	'2018-05-24 03:05:45',	517),
(531,	'5x505',	79,	'79',	'0',	0,	'0',	0,	'Afsar Uddin',	'MD',	'afsar_primax@yahoo.com',	'$2y$10$8tHoDRWbPk5SWSXh1Yoo7eQS73avPPVRHvYPFACryObBH4likJXV.',	NULL,	NULL,	'7-3WjKlGAl7atgBJNwJkWonGpeYVp6umsad14yxnCIndHBYNeSDcL23Z3QSCDGMTIeqmk9fAEhWUN0KJBBH7Nk6FwAUJoudDSylQazVlCJ1t-QkfRrs-wJOPMiE-YVV1',	'active',	'yes',	NULL,	'',	NULL,	'1986-07-10',	'Not defined',	'+8801685443231',	'',	NULL,	'',	'2017-10-07 11:13:06',	'bn',	0,	'N/A',	2,	26,	224,	'BD',	'BD',	'XZA1231234',	'',	'',	'1234 asdd',	'Address Line 2',	'1205',	'',	'0RaBKO8zOXUtTOEPMoTYzyD1APjvksurBwmWBgPonAyqgcS4gWhCbT3CVcpO',	'',	'0000-00-00 00:00:00',	0,	'',	1,	1,	'0000-00-00 00:00:00',	1,	'',	1,	0,	0,	'2018-07-07 09:08:25',	'2017-11-08 22:48:53',	531),
(532,	'5x505',	79,	'79',	'0',	0,	'0',	0,	'Md Abdul Quader',	NULL,	'quader@batworld.com',	'$2y$10$2ydUZqZdRUWE.EWuuMH07.i8TkhaNeOszfGBZGbfK7WqXPlyyO3Fe',	NULL,	NULL,	'LNTifrh0EqobMOvd-wJxcrN-irOW3uGUFsCYMFrdKONO9MtJ8oL6KFrwQt-e34Lz9O3t5lYz4MspVcfYp5eqhcyKW834mypGVt4QHCRxLoVi0UkjJUujq69_YpOob3YN',	'inactive',	'yes',	NULL,	'',	'',	'1978-10-18',	'Not defined',	'01755676726',	'',	NULL,	'',	'2017-10-07 11:37:58',	'bn',	0,	'',	2,	26,	0,	'BD',	'BD',	'BF0531666',	'',	'',	'Road # 15, House # 20, Ganakbari, Ashulia, savar- Dhaka',	'Address Line -2 (Kolkata New Road # 15, House No - 20, Kolkata- ',	'9425',	'023625412',	'',	'5_wVUiE_Fg-osePHR2bqBxsx7iEtyq7Ez-6m3gRy43jTiJmH19wA1_74o8dLrtHg1AI-YVD1DK8pK406nBV9ng',	'0000-00-00 00:00:00',	0,	'',	1,	1,	'0000-00-00 00:00:00',	1,	'',	0,	0,	0,	'2018-07-07 09:08:25',	'2017-10-07 11:39:24',	0),
(533,	'2x202',	NULL,	NULL,	'0',	0,	'',	0,	'Md Ridwan Islam',	NULL,	'ridwan@batworld.com',	'$2y$10$ZyfuTLb8pmdy6zND0gm.HuTac2DuyG7CRf.YNHaAnhFAqyEwc9.Dy',	NULL,	NULL,	'jPaiC04pigOQKSzc_ZsdqPMedfBtLcLGupQn49fIhu8mfD0NASE6x8CuO1UoOFyWETcnuB8S5DpcH7tWJb9Nf2O7_xZSSxsXu5LBm-Mk4jEM13T8vS61HhfawVEX2OhB',	'active',	'yes',	NULL,	'',	'',	'1991-12-30',	'Not defined',	'01717013512',	'',	NULL,	'',	'2017-10-07 14:09:22',	'bn',	0,	'',	2,	26,	0,	'BD',	'BD',	'',	'',	'',	'Banasree',	'',	'',	'',	'n7ajvl5jF6rgViOf7EvtwNZJPWU12xCDdXLmQKWFzi5lRH2RcenhBo2crzl1',	'',	'0000-00-00 00:00:00',	0,	'',	1,	1,	'0000-00-00 00:00:00',	0,	'',	1,	0,	1,	'2018-07-07 09:08:25',	'2017-10-07 14:13:21',	1),
(534,	'5x505',	81,	'81',	'3',	0,	'0',	0,	'Abdus samad',	'aaaaaaaaaa',	'ui1@batworld.com',	'$2y$10$.XB30GO4jn7bx7EauLrWkugIaCNGxiQCgrFTeFDeSSrGdQYd6Rneq',	NULL,	NULL,	'6069c1a728b2799f0cae19f2f39465ff01ff99c7f00fa703623e07ea12083621',	'active',	'yes',	NULL,	'2018_5afc1dfb789134.46814354flighttrack-5-300x300.png',	NULL,	'2017-10-10',	'Not defined',	'+8801832782581',	'',	NULL,	'2018_5b03de570e3cc8.91622747Dwight-Eisenhower.png',	'2017-10-10 07:35:25',	'bn',	0,	'Additional information regarding this registration (If any)',	2,	27,	266,	'BD',	'BD',	'KD0930838',	'Dhaka',	'Dhaka Division',	'548 Rd No 13, Dhaka 1212, Bangladesh',	'548 Rd No 13',	'1212',	'',	'jSUfnLFOctbY7OAmdEgv3iBhgscNMhpRZw696pQdlrRTJ6MIJavYMACNNTzV',	'UFycsS0D2fr_FlWC2aInzdN9wrdZWtXnmjPZFDBof7SxpFP25E_feHyXJHxQ2wQNSM_J_dHV6cLs3kWTcokEdQ',	'0000-00-00 00:00:00',	0,	'',	1,	1,	'0000-00-00 00:00:00',	1,	'',	1,	0,	0,	'2018-07-07 09:08:25',	'2018-07-07 02:26:12',	534),
(535,	'5x505',	82,	'82',	'0',	0,	'0',	0,	'Afsar Uddin',	'MD',	'afsar.business@gmail.com',	'$2y$10$bBINp6oo4t90mu8T9DTFl.TvrgdW16hxsaqHq93lXSeNWxGOW8B9K',	NULL,	NULL,	'85446ff5722c7d12970f4f7a1c1f3222cb1fdd08159fc467f0be99a75250aadc',	'active',	'yes',	NULL,	'',	NULL,	'1986-03-16',	'Not defined',	'+8801755676715',	'',	NULL,	'',	'2017-10-10 09:20:28',	'bn',	0,	'Developer of the system.',	0,	3,	106,	'BD',	'BD',	'123123123123',	'Dhaka',	'Dhaka Division',	'548 Rd No 13, Dhaka 1212, Bangladesh',	'548 Rd No 13',	'1212',	'',	'fQnxrrTmWt81liRlrk2xFqBBJ3Lv6ktgN3gQMOgKdjkTUy5teGtzUhXyXx8q',	'',	'0000-00-00 00:00:00',	0,	'',	1,	1,	'0000-00-00 00:00:00',	1,	'',	1,	0,	0,	'2018-07-07 09:08:25',	'2017-10-13 23:39:26',	535),
(537,	'4x404',	NULL,	NULL,	'1,2,3,4,5,6',	0,	'1',	0,	'RD 1 BAT',	'yess',	'rd1@bat.com',	'$2y$10$.XB30GO4jn7bx7EauLrWkugIaCNGxiQCgrFTeFDeSSrGdQYd6Rneq',	0,	0,	'_4wdvZqqfiyilDuDkl7wFj7tuNpR49t_ZnhVN7LXAV0Db9Yr7RdKqmFxb7DCcNXQwPj4-TW4acibHDSTqfw7ATpkUcpbcn55vBX4u7ZxKKeUJjkc9wWID59EX9OG9lqm',	'active',	'yes',	NULL,	'',	'',	'2017-09-06',	'Not defined',	'+8801856228493',	'',	NULL,	'',	'2017-09-05 23:19:32',	'bn',	0,	'',	0,	3,	104,	'AF',	'AF',	'',	'dfedf',	'sdfsdfdsf',	'zdxf',	'',	'',	'',	'yDDqBLBO1G6x8i1g4hqIhGENzslo4z9dwisMZCgXDNneEPpYDyzVYjn2zJKc',	'',	'0000-00-00 00:00:00',	0,	'',	1,	1,	'0000-00-00 00:00:00',	0,	'',	1,	0,	1,	'2018-07-07 09:08:25',	'2018-04-03 00:48:50',	1),
(538,	'4x404',	NULL,	NULL,	'1,2,3,4,5,6',	0,	'2',	0,	'RD 2 BAT',	'developer2',	'rd2@bat.com',	'$2y$10$.XB30GO4jn7bx7EauLrWkugIaCNGxiQCgrFTeFDeSSrGdQYd6Rneq',	0,	0,	'_4wdvZqqfiyilDuDkl7wFj7tuNpR49t_ZnhVN7LXAV0Db9Yr7RdKqmFxb7DCcNXQwPj4-TW4acibHDSTqfw7ATpkUcpbcn55vBX4u7ZxKKeUJjkc9wWID59EX9OG9lqm',	'active',	'yes',	NULL,	'2017_59b5197d3f70b2.9139606811692558_1587237751526049_2695338842155418529_n.jpg',	'',	'2017-09-06',	'Not defined',	'+8801856228493',	'',	NULL,	'',	'2017-09-05 23:19:32',	'bn',	0,	'',	0,	30,	280,	'AF',	'AF',	'',	'dfedf',	'sdfsdfdsf',	'zdxf',	'',	'',	'',	'2l1LftFbc1XXpGq9uiEqLd9NdQ1YmVuV8BkNlptotXaqU2ydA41D1byhQqlh',	'',	'0000-00-00 00:00:00',	0,	'',	1,	1,	'0000-00-00 00:00:00',	0,	'',	1,	0,	1,	'2018-07-07 09:08:25',	'2017-11-08 23:16:10',	1),
(539,	'4x404',	NULL,	NULL,	'1,2,3,4,5,6',	0,	'3',	0,	'RD 3 BAT',	NULL,	'rd3@bat.com',	'$2y$10$.XB30GO4jn7bx7EauLrWkugIaCNGxiQCgrFTeFDeSSrGdQYd6Rneq',	0,	0,	'_4wdvZqqfiyilDuDkl7wFj7tuNpR49t_ZnhVN7LXAV0Db9Yr7RdKqmFxb7DCcNXQwPj4-TW4acibHDSTqfw7ATpkUcpbcn55vBX4u7ZxKKeUJjkc9wWID59EX9OG9lqm',	'active',	'yes',	NULL,	'',	'',	'2017-09-06',	'Not defined',	'+8801856228493',	'',	NULL,	'',	'2017-09-05 23:19:32',	'bn',	0,	'',	0,	3,	105,	'AF',	'AF',	'',	'dfedf',	'sdfsdfdsf',	'zdxf',	'',	'',	'',	'nOG9ydhf8K4iCNjMSQMF0l24icXYmuTkMzWHTu9Ri4J7ncXIJZ0ll0odmA3t',	'',	'0000-00-00 00:00:00',	0,	'',	1,	1,	'0000-00-00 00:00:00',	0,	'',	1,	0,	1,	'2018-07-07 09:08:25',	'2017-11-08 23:14:17',	1),
(541,	'4x404',	NULL,	NULL,	'1,2,3,4,5,6',	0,	'4',	0,	'RD 4 BAT',	'',	'rd4@bat.com',	'$2y$10$.XB30GO4jn7bx7EauLrWkugIaCNGxiQCgrFTeFDeSSrGdQYd6Rneq',	0,	0,	'_4wdvZqqfiyilDuDkl7wFj7tuNpR49t_ZnhVN7LXAV0Db9Yr7RdKqmFxb7DCcNXQwPj4-TW4acibHDSTqfw7ATpkUcpbcn55vBX4u7ZxKKeUJjkc9wWID59EX9OG9lqm',	'active',	'yes',	NULL,	'',	'',	'2017-09-06',	'Not defined',	'+8801856228493',	'',	NULL,	'',	'2017-09-05 23:19:32',	'bn',	0,	'',	0,	0,	0,	'AF',	'AF',	NULL,	'dfedf',	'sdfsdfdsf',	'zdxf',	'',	'',	'',	'H4SRDsTPPGEhrpWwkGWmLQfcy5agptVUuCaSDk0WcUo5QqfALf9r6i8xoJE6',	'',	'0000-00-00 00:00:00',	0,	'',	1,	1,	'0000-00-00 00:00:00',	0,	'',	1,	0,	1,	'2018-07-07 09:08:25',	'2017-11-08 23:14:46',	1),
(543,	'4x404',	NULL,	NULL,	'1,2,3,4,5,6',	0,	'5',	0,	'RD 5 BAT',	NULL,	'rd5@bat.com',	'$2y$10$.XB30GO4jn7bx7EauLrWkugIaCNGxiQCgrFTeFDeSSrGdQYd6Rneq',	510,	1,	'_4wdvZqqfiyilDuDkl7wFj7tuNpR49t_ZnhVN7LXAV0Db9Yr7RdKqmFxb7DCcNXQwPj4-TW4acibHDSTqfw7ATpkUcpbcn55vBX4u7ZxKKeUJjkc9wWID59EX9OG9lqm',	'active',	'yes',	NULL,	'',	'',	'2017-09-06',	'Not defined',	'+8801856228493',	'',	NULL,	'',	'2017-09-05 23:19:32',	'bn',	0,	'',	0,	3,	105,	'AF',	'AF',	'',	'dfedf',	'sdfsdfdsf',	'zdxf',	'',	'',	'',	'5Z0fuPv9iuB6sJTlOxoRtARkBhZSOWw9WkXv4S2gCgMfa4BaMdkDQC5V4gC2',	'',	'0000-00-00 00:00:00',	0,	'',	1,	1,	'0000-00-00 00:00:00',	0,	'',	1,	0,	1,	'2018-07-07 09:08:25',	'2018-03-14 00:54:02',	1),
(544,	'5x505',	86,	'86',	'0',	0,	'0',	0,	'Md. Majbah Uddin',	NULL,	'majbah39@gmail.com',	'$2y$10$.XB30GO4jn7bx7EauLrWkugIaCNGxiQCgrFTeFDeSSrGdQYd6Rneq',	NULL,	NULL,	'pxpA9v00njOsUpKQhUsXyZzAMgc4jQ6Ms9omujoHUT7W0PN5NDK4hcyLswrc99uZnE7JSJ2uWnt-5EfUJSFTHnCKi059ZsY7idjBjfjmul3pFACdfWaYLRCnZ-F1_wdn',	'active',	'yes',	NULL,	'',	'',	'2017-11-07',	'Not defined',	'01812598624',	'',	NULL,	'',	'2017-11-08 06:12:23',	'bn',	0,	'dfd',	0,	0,	0,	'BD',	'BD',	'AB1234567',	'Dhaka',	'Dhaka Division',	'548 Rd No 13, Dhaka 1212, Bangladesh',	'548 Rd No 13',	'1212',	'56985478',	'hUJhQf1u3ojtc9NntQ3oz5Q7PEiawxrhgqRziI6DmJAKXzuqpnWQjieG4JBj',	'',	'0000-00-00 00:00:00',	0,	'',	1,	1,	'0000-00-00 00:00:00',	1,	'',	1,	0,	0,	'2018-07-07 09:08:25',	'2017-11-16 04:08:15',	1),
(545,	'5x505',	86,	'86',	'0',	0,	'4',	0,	'Jakia ',	'a',	'jakia1@batworld.com',	'$2y$10$.XB30GO4jn7bx7EauLrWkugIaCNGxiQCgrFTeFDeSSrGdQYd6Rneq',	NULL,	NULL,	'H61ey4mVs5uidXOkLVja1sxbFRfA1r4d8XdClLrQ7xjjpEIMaxhhrlMWqXSMqgDhtx9etTOCvsHo8RLf3oMqrjrbMQjFOS8UaxEXLu751-hLbkIRezVB6V-lgz00nYzD',	'active',	'yes',	NULL,	'2018_5a8becc15f67c0.40671179flighttrack-5-300x300.png',	'199362587412589',	'2017-11-08',	'Not defined',	'+8801846929383',	'',	NULL,	'',	'2017-11-08 13:25:24',	'bn',	0,	'',	16,	27,	266,	'BD',	'AZ',	NULL,	'',	'',	'Banani',	'',	'',	'',	'LJ5bsjGU6fAHpxiDKoFIUul0sxQXvrvOxosmdhsMPjxLQcCU91SzV2am8fHy',	'',	'0000-00-00 00:00:00',	0,	'',	1,	1,	'0000-00-00 00:00:00',	0,	'',	1,	0,	517,	'2018-07-07 09:08:25',	'2018-02-20 04:59:10',	545),
(546,	'5x505',	87,	'87',	'0',	0,	'0',	0,	'Mohammad Sirajul Islam',	NULL,	'businessautomation8@gmail.com',	'$2y$10$6NkRiNkpPTkbRlg5Flubk.jT902d4W0fY0iWCyow/VuKk5c44YG1i',	NULL,	NULL,	'rOtIOlIGKDkyE1yy2PE_6I9WWcGBK8zJhlBWWvM--VUh1FEiurmtwky1E02pwvLgyvLuMpD62JseEL4Z534tyH_P1ncdvlh3x2j-Nof-Wg3GIZ5RO6D5Fo-UE5-bVWg0',	'active',	'yes',	NULL,	'',	'',	'2017-11-09',	'Not defined',	'01755676725',	'',	NULL,	'',	'2017-11-08 23:03:19',	'bn',	0,	'Authorized officer',	0,	0,	0,	'BD',	'BD',	'0987654321212',	'Dhaka',	'Dhaka Division',	'548 Rd No 13, Dhaka 1212, Bangladesh',	'548 Rd No 13',	'1212',	'9876543',	'1d5mQEz5ymMXSgev9DX913cG4d8Br7ROVmaalwCYb5mSZ9kqUZX6ZgM6h6uL',	'',	'0000-00-00 00:00:00',	0,	'',	1,	1,	'0000-00-00 00:00:00',	1,	'',	1,	0,	0,	'2018-07-07 09:08:25',	'2018-01-15 04:50:32',	1),
(547,	'5x505',	87,	'87',	'0',	0,	'0',	0,	'Md. Kobir Al Mamun',	NULL,	'kabir@batworld.com',	'$2y$10$q.NAHfsEgrNh6GpFxmKhSeP/nreHGiqzRQLOpxfrCwrwNvE1sfXoO',	NULL,	NULL,	'S1nbuOv0umocz62J4SkAS5ksOXJQ6I7ey3Cav44XVcL-v6g8IEgUpmLpQ3s2TQN_K9Qe0bWri8IcS7SFhjWkCkH2-rloaEloioc7bUttMMgDSnxV5pDjHH9gOBu78ow-',	'inactive',	'yes',	NULL,	'',	'6754343234',	'1983-01-02',	'Not defined',	'01755676717',	'',	NULL,	'',	'2018-01-02 01:31:41',	'bn',	0,	'',	0,	0,	0,	'BD',	'BD',	'',	'Dhaka',	'Dhaka Division',	'Lichu Bagan Rd, Dhaka, Bangladesh',	'Lichu Bagan Rd',	'1234',	'',	'',	'nED-9BzW6JOnVMHgzv-iK4d1oWbbn4kf2q6J_6JF_yJsv0RO_7-r0RVs5-_oPcx9p-L8YHNvLQr8UGUUWAy47A',	'0000-00-00 00:00:00',	0,	'',	1,	1,	'0000-00-00 00:00:00',	2,	'',	0,	0,	0,	'2018-07-07 09:08:25',	'2018-01-02 01:32:40',	0),
(548,	'7x707',	NULL,	NULL,	'0',	0,	'',	0,	'Jakia Tamanna ',	NULL,	'jakia@batworld.com',	'$2y$10$UNV80C0GzOdwI7ItkxBgmOdtjb5fEp.yUxRkciRFrqho2vmrUDt0i',	NULL,	NULL,	'PS-lejzKwSc6U2VrxTzBcfwRpt1AZaBbq59CXpRSd9HjpEIMaxhhrlMWqXSMqgDhtx9etTOCvsHo8RLf3oMqrpHUmsAr9VeFh4fvuyaKwbWc6DqegTkDXu_DI2OGKmGw',	'active',	'yes',	NULL,	'',	'1993258745632',	'2011-01-02',	'Not defined',	'01846929385',	'',	NULL,	'',	'2018-01-02 02:55:03',	'bn',	0,	'',	2,	33,	0,	'BD',	'BD',	'',	'',	'',	'Banani,Dhaka',	'',	'',	'',	'',	'X3GYZD1P1-WQlaZF5XQb3nJSA3azm5XkzyYc-x3yoVW24DBlwW0y2qJwj95tiJiJ8HhAuB1Ny82ciQYB7cMcyQ',	'0000-00-00 00:00:00',	0,	'',	1,	1,	'0000-00-00 00:00:00',	0,	'',	1,	0,	1,	'2018-07-07 09:08:25',	'2018-01-02 02:56:13',	1),
(549,	'5x505',	88,	'88',	'0',	0,	'0',	0,	'Litu Roy',	NULL,	'litu@batworld.com',	'$2y$10$GCZN48a26Jtx.jpJ5CJOmOOO9sRIB3rovQHoEW./N4QxyQImD2nTa',	NULL,	NULL,	'fzDUwQPSLQ5B-FwRf26D_UPTy0R73yguN4vQsFbNGcUNfcUS1D7KDdzUndgLQ3H1SPUF0ucOx6Q9r3IJ8ODIuTIAbw0v7HgrZIzOwzmak8tqIDRuoQvlaOWwzTJAGadL',	'active',	'yes',	NULL,	'',	'8976545434',	'1987-01-03',	'Not defined',	'01755676723',	'',	NULL,	'',	'2018-01-03 01:50:27',	'bn',	0,	'test',	0,	0,	0,	'BD',	'BD',	'',	'Dhaka',	'Dhaka Division',	'Road.1, Bagan Rd, Dhaka, Bangladesh',	'Lichu Bagan Rd',	'1234',	'',	'jHFxwao0zqKBpmoWNZLhycXSVzJ43Ms4KfcUkmTnxbjYVWVRJ0hF8AgzjV5e',	'zO1x6yO877w26wHnwN6QOndguavBEfiHGbQs92gJed8pzcMMQaIgcn8rQSP1JnLFxihM-tRO7Nqi1s7qOSlTJg',	'0000-00-00 00:00:00',	0,	'',	1,	1,	'0000-00-00 00:00:00',	2,	'',	1,	0,	0,	'2018-07-07 09:08:25',	'2018-01-03 02:58:44',	517),
(550,	'5x505',	83,	'83',	'3',	0,	'0',	0,	'Hasib Kamal',	'Designation',	'ui2@batworld.com',	'$2y$10$.XB30GO4jn7bx7EauLrWkugIaCNGxiQCgrFTeFDeSSrGdQYd6Rneq',	NULL,	NULL,	'zev23tRo9-fB7S3zUe28fQi8wM7MRvskI59aEUoeaVGSkUcYYQpFaOXQ7my-h6IgqlaenzTPxqONIYGmElR4gVuZ5e0kIppjKc_h4ldy6N5a4LaMoAXii2nm8oeCjmj0',	'active',	'yes',	NULL,	'2018_5a8bd10fdfee29.40256255300x300x.jpg',	NULL,	'2018-02-20',	'Not defined',	'+8801832782581',	'',	NULL,	'2018_5a8bce0de01bd4.36445958300x80x.png',	'2017-10-10 07:35:25',	'bn',	0,	'Additional information regarding this registration (If any)',	0,	12,	149,	'BD',	'BD',	'KD0930838',	'Dhaka',	'Dhaka Division',	'548 Rd No 13, Dhaka 1212, Bangladesh',	'548 Rd No 13',	'1212',	'',	'ekKmr8641jo7SpUzUtzFr9BwT4qD6d4uVSWjqE3YMCwItqgVoZ5rLN8YmWot',	'',	'0000-00-00 00:00:00',	0,	'',	1,	1,	'0000-00-00 00:00:00',	1,	'',	1,	0,	0,	'2018-07-07 09:08:25',	'2018-07-07 02:24:39',	550),
(551,	'5x505',	87,	'87',	'5',	0,	'0',	0,	'Reyad',	NULL,	'ui3@batworld.com',	'$2y$10$.XB30GO4jn7bx7EauLrWkugIaCNGxiQCgrFTeFDeSSrGdQYd6Rneq',	NULL,	NULL,	'zev23tRo9-fB7S3zUe28fQi8wM7MRvskI59aEUoeaVGSkUcYYQpFaOXQ7my-h6IgqlaenzTPxqONIYGmElR4gVuZ5e0kIppjKc_h4ldy6N5a4LaMoAXii2nm8oeCjmj0',	'active',	'yes',	NULL,	'',	'',	'2017-10-10',	'Not defined',	'01832782581',	'',	NULL,	'',	'2017-10-10 07:35:25',	'bn',	0,	'Additional information regarding this registration (If any)',	0,	0,	0,	'BD',	'BD',	'KD0930838',	'Dhaka',	'Dhaka Division',	'548 Rd No 13, Dhaka 1212, Bangladesh',	'548 Rd No 13',	'1212',	'',	'pzSxvo6zjnwIvVGCqVyg7774Sr6Bbofpce36Uo6ZBdSZwulQfuQmeROs3sYe',	'',	'0000-00-00 00:00:00',	0,	'',	1,	1,	'0000-00-00 00:00:00',	1,	'',	1,	0,	0,	'2018-07-07 09:08:25',	'2018-06-03 03:50:36',	1),
(568,	'4x404',	NULL,	NULL,	'1,2,3,4,5,6',	0,	'5',	0,	'Summit Desk 1',	'yess',	'sd1@batworld.com',	'$2y$10$.XB30GO4jn7bx7EauLrWkugIaCNGxiQCgrFTeFDeSSrGdQYd6Rneq',	0,	0,	'_4wdvZqqfiyilDuDkl7wFj7tuNpR49t_ZnhVN7LXAV0Db9Yr7RdKqmFxb7DCcNXQwPj4-TW4acibHDSTqfw7ATpkUcpbcn55vBX4u7ZxKKeUJjkc9wWID59EX9OG9lqm',	'active',	'yes',	NULL,	'2018_5b3b1dac8db160.51082431300x300x.jpg',	NULL,	'2017-09-06',	'Not defined',	'+8801856228493',	'',	NULL,	'2018_5b3b1dac8d9ed4.05596275300x80x.png',	'2017-09-05 23:19:32',	'bn',	0,	'',	0,	3,	104,	'AF',	'AF',	NULL,	'dfedf',	'sdfsdfdsf',	'zdxf',	'',	'',	'',	'2nZXQU1F0FN9ld73U33JonNBj3flkRTd9n01xRSxhQvcneLHc6XygJaY4BA5',	'',	'0000-00-00 00:00:00',	0,	'',	1,	1,	'0000-00-00 00:00:00',	0,	'',	1,	0,	1,	'2018-07-07 09:08:25',	'2018-07-03 01:12:03',	568),
(569,	'4x404',	NULL,	NULL,	'1,2,3,4,5,6',	0,	'5',	0,	'Summit Desk 2',	'yess',	'sd2@batworld.com',	'$2y$10$.XB30GO4jn7bx7EauLrWkugIaCNGxiQCgrFTeFDeSSrGdQYd6Rneq',	0,	0,	'_4wdvZqqfiyilDuDkl7wFj7tuNpR49t_ZnhVN7LXAV0Db9Yr7RdKqmFxb7DCcNXQwPj4-TW4acibHDSTqfw7ATpkUcpbcn55vBX4u7ZxKKeUJjkc9wWID59EX9OG9lqm',	'active',	'yes',	NULL,	'',	'',	'2017-09-06',	'Not defined',	'+8801856228493',	'',	NULL,	'',	'2017-09-05 23:19:32',	'bn',	0,	'',	0,	3,	104,	'AF',	'AF',	'',	'dfedf',	'sdfsdfdsf',	'zdxf',	'',	'',	'',	'aZUWsm5X1TV9Js9iDvDmzrmrmpnf8c2q5ADOzvNO2AaY8QtdFnaXqRT3xOSZ',	'ktR5nsrXIszQxCEvR7VvV4u7zqgl90QDMCDBe9NmjeAVASbKBg_BDpRtSk8ewMYHtpXjiuZTeriBRgRq8Hm_0g',	'0000-00-00 00:00:00',	0,	'',	1,	1,	'0000-00-00 00:00:00',	0,	'',	1,	0,	1,	'2018-07-07 09:08:25',	'2018-04-01 23:11:18',	455),
(570,	'4x404',	NULL,	NULL,	'1,2,3,4,5,6',	0,	'6',	0,	'Technocity Desk 1',	'yess',	'td1@batworld.com',	'$2y$10$.XB30GO4jn7bx7EauLrWkugIaCNGxiQCgrFTeFDeSSrGdQYd6Rneq',	0,	0,	'_4wdvZqqfiyilDuDkl7wFj7tuNpR49t_ZnhVN7LXAV0Db9Yr7RdKqmFxb7DCcNXQwPj4-TW4acibHDSTqfw7ATpkUcpbcn55vBX4u7ZxKKeUJjkc9wWID59EX9OG9lqm',	'active',	'yes',	NULL,	'2018_5b406fcb5d6188.56933606300x300x.jpg',	NULL,	'2017-09-06',	'Not defined',	'+8801856228493',	'',	NULL,	'2018_5b406fcb5d4eb6.04366614300x80x.png',	'2017-09-05 23:19:32',	'bn',	0,	'',	0,	3,	104,	'AF',	'AF',	NULL,	'dfedf',	'sdfsdfdsf',	'zdxf',	'',	'',	'',	'wf7jApqLuvzV3wVJV3vuDUkdEKSrfcppckXYfDvrcPQnuSkG6Fw9qHzEVZyF',	'',	'0000-00-00 00:00:00',	0,	'',	1,	1,	'0000-00-00 00:00:00',	0,	'',	1,	0,	1,	'2018-07-07 09:08:25',	'2018-07-07 01:46:35',	570),
(571,	'4x404',	NULL,	NULL,	'1,2,3,4,5,6',	0,	'6',	0,	'Technocity Desk 2',	'yess',	'td2@batworld.com',	'$2y$10$.XB30GO4jn7bx7EauLrWkugIaCNGxiQCgrFTeFDeSSrGdQYd6Rneq',	0,	0,	'_4wdvZqqfiyilDuDkl7wFj7tuNpR49t_ZnhVN7LXAV0Db9Yr7RdKqmFxb7DCcNXQwPj4-TW4acibHDSTqfw7ATpkUcpbcn55vBX4u7ZxKKeUJjkc9wWID59EX9OG9lqm',	'active',	'yes',	NULL,	'',	'',	'2017-09-06',	'Not defined',	'+8801856228493',	'',	NULL,	'',	'2017-09-05 23:19:32',	'bn',	0,	'',	0,	3,	104,	'AF',	'AF',	'',	'dfedf',	'sdfsdfdsf',	'zdxf',	'',	'',	'',	'zDComYBjjnLaV2uq2HunAyqflIJ2IaNNTdFJkVax4wCZeW94MJlyuAFsbIb5',	'',	'0000-00-00 00:00:00',	0,	'',	1,	1,	'0000-00-00 00:00:00',	0,	'',	1,	0,	1,	'2018-07-07 09:08:25',	'2018-04-02 01:28:28',	455),
(572,	'4x404',	NULL,	NULL,	'1,2,3,4,5,6',	0,	'7',	0,	'PMC Desk 1',	'yess',	'pmc1@batworld.com',	'$2y$10$.XB30GO4jn7bx7EauLrWkugIaCNGxiQCgrFTeFDeSSrGdQYd6Rneq',	0,	0,	'_4wdvZqqfiyilDuDkl7wFj7tuNpR49t_ZnhVN7LXAV0Db9Yr7RdKqmFxb7DCcNXQwPj4-TW4acibHDSTqfw7ATpkUcpbcn55vBX4u7ZxKKeUJjkc9wWID59EX9OG9lqm',	'active',	'yes',	NULL,	'',	'',	'2017-09-06',	'Not defined',	'+8801856228493',	'',	NULL,	'',	'2017-09-05 23:19:32',	'bn',	0,	'',	0,	3,	104,	'AF',	'AF',	'',	'dfedf',	'sdfsdfdsf',	'zdxf',	'',	'',	'',	'fkyrGOMZCQshYinKMhtxO6RxM9zA4Mdb1aGMLtweBne402tW9zeFf25DLSiq',	'',	'0000-00-00 00:00:00',	0,	'',	1,	1,	'0000-00-00 00:00:00',	0,	'',	1,	0,	1,	'2018-07-07 09:08:25',	'2018-04-08 05:53:33',	455),
(573,	'4x404',	NULL,	NULL,	'1,2,3,4,5,6',	0,	'7',	0,	'PMC Desk 2',	'yess',	'pmc2@batworld.com',	'$2y$10$.XB30GO4jn7bx7EauLrWkugIaCNGxiQCgrFTeFDeSSrGdQYd6Rneq',	0,	0,	'_4wdvZqqfiyilDuDkl7wFj7tuNpR49t_ZnhVN7LXAV0Db9Yr7RdKqmFxb7DCcNXQwPj4-TW4acibHDSTqfw7ATpkUcpbcn55vBX4u7ZxKKeUJjkc9wWID59EX9OG9lqm',	'active',	'yes',	NULL,	'',	'',	'2017-09-06',	'Not defined',	'+8801856228493',	'',	NULL,	'',	'2017-09-05 23:19:32',	'bn',	0,	'',	0,	3,	104,	'AF',	'AF',	'',	'dfedf',	'sdfsdfdsf',	'zdxf',	'',	'',	'',	'aZUWsm5X1TV9Js9iDvDmzrmrmpnf8c2q5ADOzvNO2AaY8QtdFnaXqRT3xOSZ',	'ktR5nsrXIszQxCEvR7VvV4u7zqgl90QDMCDBe9NmjeAVASbKBg_BDpRtSk8ewMYHtpXjiuZTeriBRgRq8Hm_0g',	'0000-00-00 00:00:00',	0,	'',	1,	1,	'0000-00-00 00:00:00',	0,	'',	1,	0,	1,	'2018-07-07 09:08:25',	'2018-04-01 23:11:18',	455),
(579,	'6x606',	93,	'93',	'0',	0,	'0',	0,	'Hasib Kamal Chowdhury',	'VA',	'va1@batworld.com',	'$2y$10$.XB30GO4jn7bx7EauLrWkugIaCNGxiQCgrFTeFDeSSrGdQYd6Rneq',	NULL,	NULL,	'tQRG4xuiOuTcWvg8Ybz6MuX5cEuH02OnrvpBANZYB5vsNG4cH-Z7XeZLVcXPMCo5txp-TQ-sqaTyluIKDhqod0BhCoxyRGG7Otb5Ncu_qDhxHGwzrhlfbjWqypXbav__',	'active',	'yes',	NULL,	'2018_5b2f1991b40307.31338461300x300x.jpg',	NULL,	'2018-05-31',	'Not defined',	'+8801840001417',	'',	NULL,	'2018_5b2f1991b1a0f0.47829373300x80x.png',	'2018-05-30 23:06:38',	'bn',	0,	'C Company Details',	0,	12,	149,	'BD',	'BD',	'BA0450560',	'Dhaka',	'Dhaka Division',	'Lichu Bagan Rd, Dhaka, Bangladesh',	'Lichu Bagan Rd',	'3400',	'123456',	'kboRukftPwNEODtQ3xhPH1ZffZSRZt64fsclQp62vkOelqN0R60cGigpDLLF',	'',	'0000-00-00 00:00:00',	0,	'',	1,	1,	'0000-00-00 00:00:00',	1,	'',	1,	0,	0,	'2018-07-07 09:08:25',	'2018-07-03 00:52:08',	579),
(589,	'5x505',	0,	'0',	'0',	0,	'0',	0,	'Hasib Kamal Chowdhury',	'Software Engineer',	'hasibkamal.cse@gmail.com',	'$2y$10$.XB30GO4jn7bx7EauLrWkugIaCNGxiQCgrFTeFDeSSrGdQYd6Rneq',	NULL,	NULL,	'CtgKgiEfHlj9J3g5Uem8YuMYse_ZckMMDqq5CpDYlZOTkYjBXo9KBv_FYGp3L94Qmd10iKa9FAMghRMX6uzXelyq-yyQ5ENnzzwKBZoAitshxJDqPTvqkAXROBKiyrqF',	'active',	'yes',	NULL,	'2018_5b4054f7e66e62.50258041300x300x.jpg',	NULL,	'1992-05-02',	'Not defined',	'+8801840001417',	'',	NULL,	'2018_5b4054f7e2af24.84749906300x80x.png',	'2018-07-06 23:05:33',	'bn',	0,	'',	14,	12,	149,	'BD',	'BD',	'BA04502560',	'Dhaka',	'Dhaka Division',	'Lichu Bagan Rd, Dhaka, Bangladesh',	'Lichu Bagan Rd',	'3400',	'23423423',	'RtzFdY2e1bCpIpZq6pjJStuRcSUy87cdBEKwPECOCgHLRS9MKubswj9HBYdh',	'',	'2018-07-07 17:04:43',	0,	'will get a code soon',	1,	1,	'0000-00-00 00:00:00',	1,	'',	1,	0,	0,	'2018-07-07 09:08:20',	'2018-07-07 02:05:07',	589),
(590,	'5x505',	0,	'0',	'0',	0,	'0',	0,	'Hasib Kamal Chowdhury',	NULL,	'write2hkc@gmail.com',	'',	NULL,	NULL,	'k89qRG4Vzri7U9yd-XdgaOebyGpmmuEVKA_hpbb0pR_BBuKl73a4l_HVpnc0oRDLB2PXX0E0jJREkyPAbAo854dpXdpWEZFWHcXo2htIylw1dBdxttrEZ0cebtiPst42',	'inactive',	'no',	NULL,	'',	'',	'1992-05-31',	'Not defined',	'01840001417',	'',	NULL,	'',	'0000-00-00 00:00:00',	'bn',	0,	'',	0,	0,	0,	'BD',	'BD',	'BA0450560',	'Dhaka',	'Dhaka Division',	'Lichu Bagan Rd, Dhaka, Bangladesh',	'Lichu Bagan Rd',	'3400',	'123456',	'',	'',	'2018-07-07 17:21:16',	0,	'',	0,	0,	'0000-00-00 00:00:00',	1,	'',	0,	0,	1,	'2018-07-07 09:08:20',	'2018-07-06 23:21:16',	1);

-- 2018-08-01 09:25:39
